ID,NPC ID,Scene,NPC Name,Appearance,AnimTalking,Anim1,Anim2,Anim3,Anim4,Anim5,Anim6,Notes,Loaded
1,Fishing_M1,1-1,Old Man,M015,,wary_around%2_16,,,,,,,
2,Fishing_F1,1-1,Woman,F003,,high_wave%0_9,,,,,,,
3,Fishing_M2,1-1,Man with weapon,M010,,idle_wary%0_16,,,,,,,
4,Fishing_F2,1-1,Young girl,F039,,head_right%1_16,,,,,,,
5,Fishing_M3,1-1,Man half dressed,M035,,idle_wary%0_16,,,,,,,
6,Fishing_F3,1-1,Old Lady,F012,,wary_around%2_16,,,,,,,
7,Fishing_M4,1-1,Boy,M037,,wary_around%2_16,,,,,,,
8,Fishing_F4,1-1,Woman looking scared,F004,,head_right%1_16,,,,,,,
9,Fishing_M5,1-1,Man with cart,M016,,idle_wary%0_16,,,,,,,
10,Fishing_M9,1-1,Mayor,M011,wave_explain3%3_26,wary_around%2_16,,,,,,,
11,Fishing_M6,1-1,Raider1,M014,,idle_angry%8_16,,,,,,fireballs,
12,Fishing_F5,1-1,Stranger1,F002,,wary_around%2_16,,,,,,,
13,Fishing_M7,1-1,Stranger2,M002,,preboxingbounce%6_21,,,,,,,
14,Fishing_M8,1-1,Elderly Man,M013,,sit_down%9_12,,,,,,,
15,Fishing_F6,1-1,Elderly Woman,F010,,sit_down%9_12,,,,,,,
16,npc_test_f3,1-1,Old Lady test,F012,,wary_around%2_16,,,,,,,
17,Forest_M1,1-2,Man at road,M038,,stand_look%8_6,,,,,,,
18,Forest_F10,1-2,Woman at entrance,F040,,low_plead%1_26,,,,,,,
19,Forest_M19,1-2,Mayor1,M039,hand_to_side%4_26,idle3%3_0,,,,,,,
20,Forest_F1,1-2,Woman looking around,F041,,wary_ready%0_30,,,,,,,
21,Forest_F2,1-2,Scout1,F129,conv_onehand_low%3_1,waving_both_hands%2_21,conv_onehand_low%3_1,,,,,,
22,Swamp_F1,1-2,Scout2,F129,conv_onehand_low%3_1,idle3%3_0,,,,,,,
23,door_fd1,1-2,door_fd1,,,,,,,,,,
24,Forest_M2,1-2,Old Man2,M040,,look_around_far%9_6,,,,,,,
25,Swamp_M1,1-2,Old Man1,M040,,looking_far%7_21,,,,,,,
26,Forest_M3,1-2,Man with axe,M041,,chopping wood%3_7,,,,,,,
27,Forest_M4,1-2,Man looking up,M042,,looking_far%7_21,,,,,,,
28,Forest_M5,1-2,Young man1,M043,,rifle_thru_box%6_7,,,,,,,
29,Forest_F3,1-2,Girl pacing,F043,,,,,,,,,
30,Forest_M6,1-2,Old man with cart,M044,,sort_cart%1_8,,,,,,,
31,Forest_F4,1-2,Lady cooking,F045,,wave_explain3%3_26,,,,,,,
32,Forest_M7,1-2,Man at tree,M017,,wary_around%2_16,,,,,,,
33,Forest_F5,1-2,Woman holding cup,F044,,wave_in%6_1,,,,,,,
34,Forest_M8,1-2,Man in fighting stance,M045,,preboxingbounce%6_21,,,,,,,
35,Forest_M9,1-2,Man near mayor,M046,,still_sad%3_0,,,,,,,
36,Forest_M10,1-2,Person1,M048,,seated_patient2%1_11,,,,,,,
37,Forest_M11,1-2,Person2,M049,,seated_knees%9_11,,,,,,,
38,Forest_M12,1-2,Person3,M047,,seated_turned%9_12,,,,,,,
39,Forest_M13,1-2,Person4,M050,,seated_patient3%8_12,,,,,,,
40,Forest_M14,1-2,Student writing,M051,,seated_patient%5_13,,,,,,,
41,Forest_M15,1-2,Student2,M052,,seated_figet%1_13,,,,,,,
42,Forest_F6,1-2,Student3,F046,,seated_stretch%2_13,,,,,,,
43,Forest_F7,1-2,Student4,F047,,seated_sneeze%3_13,,,,,,,
44,Forest_M16,1-2,Student looking thoughtful,M053,,seated_warming%6_13,,,,,,,
45,Forest_F8,1-2,Student holding book,F048,,seated_read%10_12,,,,,,,
46,Forest_M17,1-2,Teacher1,M055,wave_explain3%3_26,low_hands%1_1,,,,,,,
47,Forest_F9,1-2,Teacher2,F049,,scratch_head%9_6,,,,,,,
48,Forest_M18,1-2,Teacher3,M056,double_hands7%7_26,wary_around%2_16,,,,,,,
49,Forest_M20,1-2,Teacher1 traveling,M055,low_hands%1_1,look_around_far%9_6,,,,,,,
50,Forest_M21,1-2,Teacher1 traveling mid,M055,low_hands%1_1,look_around_far%9_6,,,,,,,
51,Forest_M22,1-2,Teacher1 traveling end,M055,low_hands%1_1,look_around_far%9_6,,,,,,,
52,Forest_F11,1-10,Tunnel Woman,F080,,startle_near%2_30,,,,,,,
53,Forest_M23,1-10,Random Ally,M079,,look_around_far%9_6,,,,,,,
54,Raider_Forest_F1,1-10,Raider_dojo1,F081,,walk_around%3_31,,,,,,,
55,Forest_M24,1-10,Mayor1_start,M039,focus_explain%0_26,low_hands%1_1,,,,,,,
56,Forest_M25,1-10,Mayor1_mid,M039,focus_explain%0_26,low_hands%1_1,,,,,,,
57,Forest_M26,1-10,Mayor1_end,M039,focus_explain%0_26,low_hands%1_1,,,,,,,
58,Raider_Forest_M1,1-10,Raider_dojo2,M120,,,,,,,,,
59,Raider_Forest_F2,1-10,Raider_dojo3,F114,,,,,,,,,
60,Raider_Forest_M2,1-10,Raider_dojo4,M100,,,,,,,,,
61,Raider_Forest_F3,1-10,Raider_dojo5,F101,,,,,,,,,
62,Raider_Forest_M3,1-10,Raider_dojo6,M105,,,,,,,,,
63,Raider_Forest_F4,1-10,Raider_dojo7,F097,,,,,,,,,
64,Lake_M1,1-3,Mayor2,M057,mid_explain%9_26,still_sad%3_0,,,,,,,
65,Lake_M2,1-3,Little boy,M058,,distrought%6_8,low_hands1%1_0,,,,,,
66,Lake_F1,1-3,Woman in town,F050,,still_sad%3_0,,,,,,,
67,Lake_F2,1-3,Woman near garden,F051,,non_commital%2_1,,,,,,,
68,Lake_F3,1-3,Woman with cats,F052,,mid_explain%9_26,,,,,,,
69,Lake_M3,1-3,Kid playing,M059,,wary_around%2_16,,,,,,,
70,Lake_M4,1-3,Old man in town,M060,,hammering%3_6,,,,,,,
71,Lake_F4,1-3,Fisherwoman1,F053,,look_around_far%9_6,,,,,,,
72,Lake_F5,1-3,Fisherwoman2,F054,,shuffle%10_21,,,,,,,
73,Lake_F6,1-3,Woman looking up,F055,,looking_far%7_21,,,,,,,
74,Lake_M5,1-3,Man seeking adventure,M061,,thinking%0_6,,,,,,,
75,dog_lt1,1-3,dog_lt1,,,,,,,,,,
76,dog_lt2,1-3,dog_lt2,,,,,,,,,,
77,dog_lt3,1-3,dog_lt3,,,,,,,,,,
78,dog_lt4,1-3,dog_lt4,,,,,,,,,,
79,dog_lt5,1-3,dog_lt5,,,,,,,,,,
80,dog_lt6,1-3,dog_lt6,,,,,,,,,,
81,dog_lt7,1-3,dog_lt7,,,,,,,,,,
82,dog_lt8,1-3,dog_lt8,,,,,,,,,,
83,dog_lt9,1-3,dog_lt9,,,,,,,,,,
84,cat_lt1,1-3,cat_lt1,,,,,,,,,,
85,cat_lt2,1-3,cat_lt2,,,,,,,,,,
86,cat_lt3,1-3,cat_lt3,,,,,,,,,,
87,cat_lt4,1-3,cat_lt4,,,,,,,,,,
88,cat_lt5,1-3,cat_lt5,,,,,,,,,,
89,cat_lt6,1-3,cat_lt6,,,,,,,,,,
90,cat_lt7,1-3,cat_lt7,,,,,,,,,,
91,cat_lt8,1-3,cat_lt8,,,,,,,,,,
92,cat_lt9,1-3,cat_lt9,,,,,,,,,,
93,cat_lt10,1-3,cat_lt10,,,,,,,,,,
94,cat_lt11,1-3,cat_lt11,,,,,,,,,,
95,cat_lt12,1-3,cat_lt12,,,,,,,,,,
96,Lake_F7,1-3,Woman near fire,F056,,crouch_looking%4_12,crouch_patient%5_12,,,,,,
97,Lake_M7,1-3,Father with advice,M062,,hand_to_side%4_26,,,,,,,
98,Lake_M8,1-3,Son with question,M063,,slight_wave%1_0,,,,,,,
99,Lake_M9,1-3,Farmer needing help,M064,,thinking%0_6,,,,,,,
100,Lake_F8,1-3,Kid whining,F057,,shuffle%10_21,,,,,,,
101,Lake_F9,1-3,Mom unhelpful,F058,,slight_shrug%9_21,,,,,,,
102,Lake_M10,1-3,Man wanting food,M065,,looking_far%7_21,,,,,,,
103,Lake_F10,1-3,Smallish kid,F059,,conv_onehand_low%3_1,,,,,,,
104,Lake_M11,1-3,Man yawning,M066,,seated_stretch%2_13,,,,,,,
105,Lake_F11,1-3,Witchy woman,F060,,squat_look%4_12,,,,,,,
106,Lake_M12,1-3,Man with stain,M067,,sit_cough%4_13,,,,,,,
107,Lake_F12,1-3,Hungry woman,F061,,sit_warming%2_11,,,,,,,
108,Lake_F13,1-3,Kid planning1,F062,,wave_explain3%3_26,,,,,,,
109,Lake_F14,1-3,Kid planning2,F063,,non_commital%2_1,,,,,,,
110,Lake_F15,1-3,Grumpy old woman,F064,,one_hand_dismiss%1_18,,,,,,,
111,Lake_F16,1-3,Doting mother,F065,,sort_cart%1_8,,,,,,,
112,Lake_M13,1-3,Teacher1lake,M055,low_hands%8_26,sort_cart%1_8,slight_wave%1_0,,,,,,
113,Lake_F26,1-3,Evac Patient,F066,,lie_side%1_2,,,,,,,
114,Lake_F17,1-5,Mom of student,F067,,mid_point%5_1,,,,,,,
115,Lake_M14,1-5,Farmers kid,M068,halt%2_18,head_right%1_16,,,,,,,
116,Lake_F18,1-3,Stressed out mom,F068,shh%3_30,look_around_far%9_6,,,,,,,
117,Lake_M15,1-3,Smokebomb kid,M069,mid_shrug%4_17,non_commital%2_1,,,,,,,
118,Lake_M16,1-3,So,M070,mid_explain%10_26,come_here%4_18,still_sad%3_0,,,,,,
119,Lake_M17,1-3,Soh,M071,,slight_wave%1_0,,,,,,,
120,mystery_board,1-3,mystery_board,,,,,,,,,,
121,Lake_F19,1-3,Kid sitting by tree,F069,,meditate%2_0,,,,,,,
122,Lake_F20,1-3,Nearby parent,F070,shh%3_30,still_sad%3_0,,,,,,,
123,barrelman_lt1,1-3,barrelman_lt1,,,,,,,,,,
124,barrelman_lt2,1-3,barrelman_lt2,,,,,,,,,,
125,door_lt1,1-3,door_lt1,,,,,,,,,,
126,door_lt2,1-3,door_lt2,,,,,,,,,,
127,door_lt3,1-3,door_lt3,,,,,,,,,,
128,door_lt4,1-3,door_lt4,,,,,,,,,,
129,door_lt5,1-3,door_lt5,,,,,,,,,,
130,door_lt6,1-3,door_lt6,,,,,,,,,,
131,door_lt7,1-3,door_lt7,,,,,,,,,,
132,Lake_F21,1-3,Daydreaming kid,F071,,still8%8_1,,,,,,,
133,Lake_M18,1-3,Guy with backpack,M072,,this_that%7_1,,,,,,,
134,Lake_M19,1-3,Teen boy1,M073,draw_focus%1_26,big_magic%0_23,,,,,,,
135,Lake_F22,1-3,Birthday girl,F072,,wave_explain3%3_26,,,,,,,
136,Lake_F23,1-3,Mom with luggage,F073,,thinking%0_6,,,,,,,
137,Lake_F24,1-3,Lady complaining,F074,,facepalm%7_18,,,,,,,
138,Lake_F25,1-3,Lady watching dog,F075,,scratch_head%9_6,,,,,,,
139,Lake_F27,1-3,Quartermaster,F076,halt%2_18,still4%4_0,,,,,,,
140,rabbit_lt1,1-3,rabbit_lt1,,,,,,,,,,
141,rabbit_lt2,1-3,rabbit_lt2,,,,,,,,,,
142,rabbit_lt3,1-3,rabbit_lt3,,,,,,,,,,
143,rabbit_lt4,1-3,rabbit_lt4,,,,,,,,,,
144,rabbit_lt5,1-3,rabbit_lt5,,,,,,,,,,
145,rabbit_lt6,1-3,rabbit_lt6,,,,,,,,,,
146,rabbit_lt7,1-3,rabbit_lt7,,,,,,,,,,
147,rabbit_lt8,1-3,rabbit_lt8,,,,,,,,,,
148,Lake_M20,1-3,Paranoid man,M074,,startle_near%2_30,,,,,,,
149,Lake_F28,1-9,Messenger,F082,,draw_focus%1_26,,,,,,,
150,leaf_lt1,1-3,leaf_lt1,,,,,,,,,,
151,leaf_lt2,1-3,leaf_lt2,,,,,,,,,,
152,leaf_lt3,1-3,leaf_lt3,,,,,,,,,,
153,leaf_lt4,1-3,leaf_lt4,,,,,,,,,,
154,leaf_lt5,1-3,leaf_lt5,,,,,,,,,,
155,leaf_lt6,1-3,leaf_lt6,,,,,,,,,,
156,leaf_lt7,1-3,leaf_lt7,,,,,,,,,,
157,leaf_lt8,1-3,leaf_lt8,,,,,,,,,,
158,Lake_F29,1-3,Little woman,F002,,low_hands%8_26,,,,,,,
159,shrinesign_fd1,1-2,shrinesign_fd1,,,,,,,,,,
160,shrinesign_fd2,1-2,shrinesign_fd2,,,,,,,,,,
161,shrinesign_lt3,1-3,shrinesign_lt3,,,,,,,,,,
162,shrinesign_lt4,1-3,shrinesign_lt4,,,,,,,,,,
163,shrinesign_lt5,1-3,shrinesign_lt5,,,,,,,,,,
164,shrinesign_lt6,1-3,shrinesign_lt6,,,,,,,,,,
165,shrinesign_fv7,1-3,shrinesign_fv7,,,,,,,,,,
166,shrinesign_fv8,1-3,shrinesign_fv8,,,,,,,,,,
167,shrinesign_ld9,1-3,shrinesign_ld9,,,,,,,,,,
168,shrinesign_ld10,1-3,shrinesign_ld10,,,,,,,,,,
169,shrinesign_rt11,1-3,shrinesign_rt11,,,,,,,,,,
170,shrinesign_rt12,1-3,shrinesign_rt12,,,,,,,,,,
171,shrinesign_mt13,1-3,shrinesign_mt13,,,,,,,,,,
172,shrinesign_mt14,1-3,shrinesign_mt14,,,,,,,,,,
173,shrinesign_pt15,1-3,shrinesign_pt15,,,,,,,,,,
174,shrinesign_pt16,1-3,shrinesign_pt16,,,,,,,,,,
175,shrinesign_rn17,1-3,shrinesign_rn17,,,,,,,,,,
176,shrinesign_rn18,1-3,shrinesign_rn18,,,,,,,,,,
177,shrineheel_fd1,1-2,shrineheel_fd1,,,,,,,,,,
178,shrineheel_fd2,1-2,shrineheel_fd2,,,,,,,,,,
179,shrineheel_lt3,1-3,shrineheel_lt3,,,,,,,,,,
180,shrineheel_lt4,1-3,shrineheel_lt4,,,,,,,,,,
181,shrineheel_lt5,1-3,shrineheel_lt5,,,,,,,,,,
182,shrineheel_lt6,1-3,shrineheel_lt6,,,,,,,,,,
183,shrineheel_fv7,1-3,shrineheel_fv7,,,,,,,,,,
184,shrineheel_fv8,1-3,shrineheel_fv8,,,,,,,,,,
185,shrineheel_ld9,1-3,shrineheel_ld9,,,,,,,,,,
186,shrineheel_ld10,1-3,shrineheel_ld10,,,,,,,,,,
187,shrineheel_rt11,1-3,shrineheel_rt11,,,,,,,,,,
188,shrineheel_rt12,1-3,shrineheel_rt12,,,,,,,,,,
189,shrineheel_mt13,1-3,shrineheel_mt13,,,,,,,,,,
190,shrineheel_mt14,1-3,shrineheel_mt14,,,,,,,,,,
191,shrineheel_pt15,1-3,shrineheel_pt15,,,,,,,,,,
192,shrineheel_pt16,1-3,shrineheel_pt16,,,,,,,,,,
193,shrineheel_rn17,1-3,shrineheel_rn17,,,,,,,,,,
194,shrineheel_rn18,1-3,shrineheel_rn18,,,,,,,,,,
195,shrine_offering_fd1,1-2,shrine_offering_fd1,,,,,,,,,,
196,shrine_offering_fd2,1-2,shrine_offering_fd2,,,,,,,,,,
197,shrine_offering_lt3,1-3,shrine_offering_lt3,,,,,,,,,,
198,shrine_offering_lt4,1-3,shrine_offering_lt4,,,,,,,,,,
199,shrine_offering_lt5,1-3,shrine_offering_lt5,,,,,,,,,,
200,shrine_offering_lt6,1-3,shrine_offering_lt6,,,,,,,,,,
201,shrine_offering_fv7,1-3,shrine_offering_fv7,,,,,,,,,,
202,shrine_offering_fv8,1-3,shrine_offering_fv8,,,,,,,,,,
203,shrine_offering_ld9,1-3,shrine_offering_ld9,,,,,,,,,,
204,shrine_offering_ld10,1-3,shrine_offering_ld10,,,,,,,,,,
205,shrine_offering_rt11,1-3,shrine_offering_rt11,,,,,,,,,,
206,shrine_offering_rt12,1-3,shrine_offering_rt12,,,,,,,,,,
207,shrine_offering_mt13,1-3,shrine_offering_mt13,,,,,,,,,,
208,shrine_offering_mt14,1-3,shrine_offering_mt14,,,,,,,,,,
209,shrine_offering_pt15,1-3,shrine_offering_pt15,,,,,,,,,,
210,shrine_offering_pt16,1-3,shrine_offering_pt16,,,,,,,,,,
211,shrine_offering_rn17,1-3,shrine_offering_rn17,,,,,,,,,,
212,shrine_offering_rn18,1-3,shrine_offering_rn18,,,,,,,,,,
213,Lakeside_M1,1-4,Sifu1,M075,still_sad%3_0,still_sad%3_0,,,,,,,
214,Lakeside_F1,1-4,Sifu2,F077,,meditate%2_0,,,,,,,
215,Lakeside_M2,1-4,Sifu3,M076,wave_explain3%3_26,still8%8_1,,,,,,,
216,Lakeside_F2,1-4,Trainer,F093,draw_focus%1_26,still_sad%3_0,,,,,,,
217,Lakeside_F3,1-4,Trainer_dodge,F078,wave_explain3%3_26,still_sad%3_0,,,,,,,
218,Lakeside_F4,1-4,Trainer_counter,F078,wave_explain3%3_26,still_sad%3_0,,,,,,,
219,Lakeside_M3,1-4,Student punching,M077,,punching%1_23,,,,,,,
220,Lakeside_F5,1-4,Student meditating,F079,,meditate%2_0,,,,,,,
221,Lakeside_M4,1-4,Student reading,M078,,seated_read%10_12,,,,,,,
222,Lakeside_F6,1-4,Student recovering,F004,,lie_side%1_2,,,,,,,
223,Lakeside_M5,1-4,Sifu1_area1,M075,still_sad%3_0,still_sad%3_0,,,,,,,
224,Lakeside_M6,1-4,Sifu1_area2,M075,still_sad%3_0,still_sad%3_0,,,,,,,
225,Lakeside_M7,1-4,Sifu1_area3,M075,still_sad%3_0,still_sad%3_0,,,,,,,
226,Lakeside_M14,1-4,Sifu1_area3b,M075,still_sad%3_0,still_sad%3_0,,,,,,,
227,Lakeside_M15,1-4,Sifu1_returns,M075,still_sad%3_0,still_sad%3_0,,,,,,,
228,Lakeside_M8,1-4,new_sculpture,M084,,punching%1_23,,,,,,,
229,signpost_train1,1-4,signpost_train1,,,,,,,,,,
230,signpost_train2,1-4,signpost_train2,,,,,,,,,,
231,signpost_train3,1-4,signpost_train3,,,,,,,,,,
232,signpost_train4,1-4,signpost_train4,,,,,,,,,,
233,signpost_train5,1-4,signpost_train5,,,,,,,,,,
234,signpost_train6,1-4,signpost_train6,,,,,,,,,,
235,signpost_train7,1-4,signpost_train7,,,,,,,,,,
236,signpost_train8,1-4,signpost_train8,,,,,,,,,,
237,signpost_train9,1-4,signpost_train9,,,,,,,,,,
238,signpost_train10,1-4,signpost_train10,,,,,,,,,,
239,signpost_train11,1-4,signpost_train11,,,,,,,,,,
240,signpost_train12,1-4,signpost_train12,,,,,,,,,,
241,Mountain_M1,1-6,Gate guard,M081,,halt%2_18,,,,,,,
242,Mountain_M2,1-6,Villager at gate1,M082,,hand_to_side%4_26,,,,,,,
243,Mountain_M3,1-6,Villager at gate2,M083,shh4%4_30,conv_onehand_low%3_1,,,,,,,
244,Mountain_F1,1-6,Villager at gate3,F083,startle1%1_30,still8%8_1,,,,,,,
245,Mountain_F2,1-6,Villager at gate4,F084,,still8%8_1,,,,,,,
246,Mountain_M4,1-6,Villager at gate5,M084,,conv_onehand_low%3_1,,,,,,,
247,Mountain_M5,1-6,Shady guy,M004,,low_hands9%9_1,,,,,,,
248,Mountain_M6,1-6,Delivery boy,M007,,shuffle%10_21,,,,,,,
249,Mountain_M7,1-6,Guard1 behind door,M007,,,,,,,,,
250,Mountain_M8,1-6,Guard2 behind door,M007,,,,,,,,,
251,Mountain_M9,1-6,Guard3 behind door,M007,,,,,,,,,
252,Mountain_M10,1-6,Guard4 behind door,M007,,,,,,,,,
253,Mountain_M11,1-6,Mountain king,M007,,,,,,,,,
254,Mountain_M12,1-6,Spastic man,M008,slight_shriug%9_21,wary_around%2_16,,,,,,,
255,Plateau_M1,1-7,Man at entrance,M085,double_come_in%4_9,still_sad%3_0,,,,,,,
256,Plateau_M2,1-7,__AVAILABLE__,M086,,double_low%5_26,,,,,,,
257,Plateau_F1,1-7,Woman with news,F087,double_hands7%7_26,still_sad%3_0,,,,,,,
258,Plateau_M3,1-7,Uncle of shepherd,M087,,hand_to_side%4_26,,,,,,,
259,Plateau_F2,1-7,Worried Woman,F088,,conv_onehand_low%3_1,,,,,,,
260,Plateau_F3,1-7,Refugee Woman,F003,,sit_cough%4_13,,,,,,,
261,Plateau_M4,1-7,Refugee Man,M010,,seated_warming%6_13,,,,,,,
262,Plateau_F4,1-7,Refugee Young Woman,F039,,seated_stretch%2_13,,,,,,,
263,Plateau_M5,1-7,Refugee Young Man,M037,,sort_cart%1_8,,,,,,,
264,Plateau_M6,1-7,Shepherd in town,M088,low_plead%1_26,wave_in%6_1,,,,,,,
265,Plateau_M7,1-7,Lazy Miner,M089,hand1_explain%2_26,mid_point%5_1,,,,,,,
266,Plateau_M8,1-7,ShepherdPT1,M090,,non_commital%2_1,,,,,,,
267,Plateau_M9,1-7,ShepherdPT2,M091,,wave_in%6_1,,,,,,,
268,Plateau_M10,1-7,ShepherdPT3,M092,,this_that%7_1,,,,,,,
269,Plateau_F5,1-7,ShepherdPT4,F085,,seated_warming%6_13,,,,,,,
270,Plateau_F6,1-7,GoatherdPT1,F086,,non_commital%2_1,,,,,,,
271,loner_sheep,1-7,loner_sheep,,,,,,,,,,
272,stubborn_sheep,1-7,stubborn_sheep,,,,,,,,,,
273,sheep_pt1,1-7,sheep_pt1,,,,,,,,,,
274,sheep_pt2,1-7,sheep_pt2,,,,,,,,,,
275,sheep_pt3,1-7,sheep_pt3,,,,,,,,,,
276,sheep_pt4,1-7,sheep_pt4,,,,,,,,,,
277,sheep_pt5,1-7,sheep_pt5,,,,,,,,,,
278,sheep_pt6,1-7,sheep_pt6,,,,,,,,,,
279,sheep_pt7,1-7,sheep_pt7,,,,,,,,,,
280,sheep_pt8,1-7,sheep_pt8,,,,,,,,,,
281,sheep_pt9,1-7,sheep_pt9,,,,,,,,,,
282,sheep_pt10,1-7,sheep_pt10,,,,,,,,,,
283,sheep_pt11,1-7,sheep_pt11,,,,,,,,,,
284,sheep_pt12,1-7,sheep_pt12,,,,,,,,,,
285,sheep_pt13,1-7,sheep_pt13,,,,,,,,,,
286,sheep_pt14,1-7,sheep_pt14,,,,,,,,,,
287,sheep_pt15,1-7,sheep_pt15,,,,,,,,,,
288,goat_pt1,1-7,goat_pt1,,,,,,,,,,
289,goat_pt2,1-7,goat_pt2,,,,,,,,,,
290,goat_pt3,1-7,goat_pt3,,,,,,,,,,
291,goat_pt4,1-7,goat_pt4,,,,,,,,,,
292,goat_pt5,1-7,goat_pt5,,,,,,,,,,
293,goat_pt6,1-7,goat_pt6,,,,,,,,,,
294,goat_pt7,1-7,goat_pt7,,,,,,,,,,
295,goat_pt8,1-7,goat_pt8,,,,,,,,,,
296,Plateau_F7,1-7,Little girl,F005,,double_low%5_26,,,,,,,
297,Plateau_F8,1-7,Edna,F007,,hand_explain%6_26,,,,,,,
298,Plateau_F9,1-7,Nena,F092,,double_hands7%7_26,,,,,,,
299,River_M1,1-8,Dockworker1,M093,,this_that%7_1,,,,,,,
300,River_M2,1-8,Dockworker2,M094,,hand_explain%6_26,,,,,,,
301,River_M3,1-8,Innkeeper,M095,,slight_shriug%9_21,,,,,,,
302,River_F1,1-8,Ferrywoman,F089,,low_hands%8_26,,,,,,,
303,Riverbend_M1,1-8,Last fisherman,M096,,wave_explain3%3_26,,,,,,,
304,River_M4,1-8,Alex the fisherman,M097,,hand1_explain%2_26,,,,,,,
305,River_F2,1-8,Stacey the longshoreman,F090,,double_low%5_26,,,,,,,
306,River_F3,1-8,ShepherdGS1,F091,,mid_point%5_1,,,,,,,
307,River_M5,1-8,ShepherdGS2,M098,,seated_figet%1_13,,,,,,,
308,River_M6,1-8,ShepherdGS3,M099,,slight_wave%1_0,,,,,,,
309,River_M7,1-8,Old confused man,M018,,shuffle%10_21,,,,,,,
310,River_F4,1-8,Lady on ground,F013,,lie_side%1_2,,,,,,,
311,River_F5,1-8,Engrossed person,F014,,still4%4_0,,,,,,,
312,River_M8,1-8,Man who knows you,M009,,wave_explain3%3_26,,,,,,,
313,River_F6,1-8,Indecisive woman,F015,,this_that%7_1,,,,,,,
314,River_F7,1-8,Happy kid,F022,,oh_yeah%5_21,,,,,,,
315,River_F8,1-8,Pondering adult,F030,,thinking%0_6,,,,,,,
316,River_F9,1-8,Listening adult,F035,,sit_down%9_12,,,,,,,
317,River_F10,1-8,Woman ouch,F037,,sit_cry%9_13,,,,,,,
318,Riverbend_M2,1-8,farmer_cross_pre,M009,,wave_explain3%3_26,this_that%7_1,looking_far%7_21,,,,,
319,Riverbend_M3,1-8,farmer_cross_post,M009,,wave_explain3%3_26,this_that%7_1,looking_far%7_21,,,,,
320,Riverbend_M4,1-8,selector_pre,M009,,wave_explain3%3_26,,,,,,,
321,Riverbend_M5,1-8,selector_post,M009,,wave_explain3%3_26,,,,,,,
322,Riverbend_M6,1-8,farmer_cross_coda,M009,,wave_explain3%3_26,this_that%7_1,looking_far%7_21,,,,,
323,dummy1,1-4,dummy1,M001,,wave_explain3%3_26,,,,,,,
324,dummy2,1-4,dummy2,M001,,wave_explain3%3_26,,,,,,,
325,dummy3,1-4,dummy3,M001,,wave_explain3%3_26,,,,,,,
326,dummy4,1-4,dummy4,M001,,wave_explain3%3_26,,,,,,,
327,dummy5,1-4,dummy5,M001,,wave_explain3%3_26,,,,,,,
328,dummy6,1-4,dummy6,M001,,wave_explain3%3_26,,,,,,,
329,Test_M1,1-0,Test_M1,M009,,,,,,,,,
330,Test_M2,1-0,Test_M2,M009,,,,,,,,,
331,Test_tiger1,1-0,Test_tiger1,,,,,,,,,,
332,Test_turtle1,1-0,Test_turtle1,,,,,,,,,,
333,Test_golem1,1-0,Test_golem1,,,,,,,,,,
334,Raider_Lake_M1,2-1,Raider_xroad1,M104,,mid_point%5_1,,,,,,,
335,Raider_Lake_M2,2-1,Raider_xroad2,M100,,hand1_explain%2_26,,,,,,,
336,Raider_Lake_F1,2-1,Raider_xroad3,F094,,thinking%0_6,,,,,,,
337,Raider_Lake_M1post,2-1,Raider_xroad1post,M104,,mid_point%5_1,,,,,,,
338,Raider_Lake_M2post,2-1,Raider_xroad2post,M100,,hand1_explain%2_26,,,,,,,
339,Raider_Lake_F1post,2-1,Raider_xroad3post,F094,,thinking%0_6,,,,,,,
340,Raider_Lake_F2,2-1,Raider_xroad4,F097,,double_hands7%7_26,,,,,,,
341,Raider_Lake_M3,2-1,Raider_xroad5,M105,,double_low%5_26,,,,,,,
342,Raider_Lake_F3,2-1,Raider_xroad6,F104,,this_that%7_1,,,,,,,
343,Raider_Lake_M4,2-1,Raider_xroad7,M109,,wave_explain3%3_26,,,,,,,
344,Raider_Lake_M5,2-1,Raider_xroad8,M112,,slight_wave%1_0,,,,,,,
345,Raider_Lake_M6,2-1,Raider_xroad9,M115,,shuffle%10_21,,,,,,,
346,Raider_Lake_F4,2-1,Raider_xroad10,F107,,still4%4_0,,,,,,,
347,Raider_Lake_M7,2-1,Raider_xroad11,M118,,wave_explain3%3_26,,,,,,,
348,Raider_Lake_F5,2-1,Raider_road1,F111,,mid_point%5_1,,,,,,,
349,Raider_Lake_M11,2-1,Raider_road2,M121,,hand1_explain%2_26,,,,,,,
350,Raider_Lake_F6,2-1,Raider_road3,F112,,thinking%0_6,,,,,,,
351,Raider_Lake_F7,2-1,Raider_road4,F115,,double_hands7%7_26,,,,,,,
352,Raider_Lake_M10,2-1,Raider_road5,M101,,double_low%5_26,,,,,,,
353,Raider_Lake_M8,2-1,Raider_road6,M106,,this_that%7_1,,,,,,,
354,Raider_Lake_M9,2-1,Raider_road7,M110,,thinking%0_6,,,,,,,
355,Raider_Lake_F8,2-1,Raider_road8,F095,,slight_wave%1_0,,,,,,,
356,Raider_Plateau_F1,2-1,Raider_path1,F099,,mid_point%5_1,,,,,,,
357,Raider_Plateau_F2,2-1,Raider_path2,F098,,shuffle%10_21,,,,,,,
358,Raider_Plateau_F3,2-1,Raider_path3,F105,,still4%4_0,,,,,,,
359,Raider_Plateau_F4,2-1,Raider_path4,F108,,wave_explain3%3_26,,,,,,,
360,Raider_Plateau_M1,2-1,Raider_path5,M124,,mid_point%5_1,,,,,,,
361,Raider_Plateau_M2,2-1,Raider_path6,M113,,double_low%5_26,,,,,,,
362,Raider_Plateau_M3,2-1,Raider_path7,M116,,this_that%7_1,,,,,,,
363,Raider_Plateau_M4,2-1,Raider_path8,M119,,thinking%0_6,,,,,,,
364,Raider_Plateau_M5,2-1,Raider_path9,M122,,slight_wave%1_0,,,,,,,
365,Raider_Plateau_M6,2-1,Raider_path10,M102,,shuffle%10_21,,,,,,,
366,Raider_Plateau_M7,2-1,Raider_path11,M107,,still4%4_0,,,,,,,
367,Raider_Plateau_F5,2-1,Raider_path12,F113,,wave_explain3%3_26,,,,,,,
368,Raider_Ruins_M1,2-1,Raider_ruins1,M123,,mid_point%5_1,,,,,,,
369,Raider_Ruins_F1,2-1,Raider_ruins2,F096,,hand1_explain%2_26,,,,,,,
370,Raider_Ruins_M1post,2-1,Raider_ruins1post,M123,,mid_point%5_1,,,,,,,
371,Raider_Ruins_F1post,2-1,Raider_ruins2post,F096,,hand1_explain%2_26,,,,,,,
372,Raider_Ruins_M2,2-1,Raider_ruins3,M111,,thinking%0_6,,,,,,,
373,Raider_Ruins_F2,2-1,Raider_ruins4,F103,,double_hands7%7_26,,,,,,,
374,Raider_Ruins_M3,2-1,Raider_ruins5,M114,,hand1_explain%2_26,,,,,,,
375,Raider_Ruins_M4,2-1,Raider_ruins6,M117,,thinking%0_6,,,,,,,
376,Raider_Ruins_F3,2-1,Raider_ruins7,F106,,double_hands7%7_26,,,,,,,
377,Raider_Ruins_F4,2-1,Raider_forest1,F100,,mid_point%5_1,,,,,,,
378,Raider_Ruins_F5,2-1,Raider_forest2,F109,,double_low%5_26,,,,,,,
379,Raider_Ruins_F4post,2-1,Raider_forest1post,F100,,mid_point%5_1,,,,,,,
380,Raider_Ruins_F5post,2-1,Raider_forest2post,F109,,double_low%5_26,,,,,,,
381,Raider_Ruins_M5,2-1,Raider_forest3,M120,,this_that%7_1,,,,,,,
382,Raider_Ruins_M6,2-1,Raider_forest4,M100,,mid_point%5_1,,,,,,,
383,Raider_Ruins_F6,2-1,Raider_forest5,F114,,slight_wave%1_0,,,,,,,
384,Raider_Ruins_F7,2-1,Raider_forest6,F101,,mid_point%5_1,,,,,,,
385,Raider_Ruins_F8,2-1,Raider_forest7,F094,,shuffle%10_21,,,,,,,
386,Raider_Ruins_F7post,2-1,Raider_forest6post,F101,,mid_point%5_1,,,,,,,
387,Raider_Ruins_F8post,2-1,Raider_forest7post,F094,,shuffle%10_21,,,,,,,
388,Raider_Ruins_F9,2-1,Raider_forest8,F097,,still4%4_0,,,,,,,
389,Raider_Ruins_M7,2-1,Raider_forest9,M105,,wave_explain3%3_26,,,,,,,
390,Raider_Ruins_M8,2-1,Raider_forest10,M109,,hand1_explain%2_26,,,,,,,
391,Raider_Riverbend_F1,2-1,Raider_farm1,F110,,mid_point%5_1,,,,,,,
392,Raider_Riverbend_F2,2-1,Raider_farm2,F104,,thinking%0_6,,,,,,,
393,Raider_Riverbend_F3,2-1,Raider_farm3,F107,,double_hands7%7_26,,,,,,,
394,Raider_Riverbend_F1post,2-1,Raider_farm1post,F110,,mid_point%5_1,,,,,,,
395,Raider_Riverbend_F2post,2-1,Raider_farm2post,F104,,thinking%0_6,,,,,,,
396,Raider_Riverbend_F3post,2-1,Raider_farm3post,F107,,double_hands7%7_26,,,,,,,
397,Raider_Riverbend_F4,2-1,Raider_farm4,F112,,double_low%5_26,,,,,,,
398,Raider_Riverbend_M1,2-1,Raider_farm5,M112,,this_that%7_1,,,,,,,
399,Raider_Riverbend_M2,2-1,Raider_farm6,M115,,mid_point%5_1,,,,,,,
400,Raider_Riverbend_M3,2-1,Raider_farm7,M118,,slight_wave%1_0,,,,,,,
401,Raider_Riverbend_M4,2-1,Raider_farm8,M121,,shuffle%10_21,,,,,,,
402,Raider_Forest_F5,2-1,Raider_dojo8,F115,,still4%4_0,,,,,,,
403,Raider_Forest_M4,2-1,Raider_dojo9,M101,,wave_explain3%3_26,,,,,,,
404,Raider_Forest_F6,2-1,Raider_dojo10,F095,,hand1_explain%2_26,,,,,,,
405,Raider_Forest_F7,2-1,Raider_dojo11,F098,,thinking%0_6,,,,,,,
406,Raider_Forest_F8,2-1,Raider_dojo12,F105,,double_hands7%7_26,,,,,,,
407,Raider_Forest_F9,2-1,Raider_dojo13,F108,,double_low%5_26,,,,,,,
408,Raider_Forest_F10,2-1,Raider_dojo14,F113,,this_that%7_1,,,,,,,
409,Raider_Forest_F11,2-1,Raider_dojo15,F096,,hand1_explain%2_26,,,,,,,
410,Raider_Forest_M5,2-1,Raider_dojo16,M106,,slight_wave%1_0,,,,,,,
411,Raider_Forest_M6,2-1,Raider_dojo17,M110,,shuffle%10_21,,,,,,,
412,Raider_Forest_M7,2-1,Raider_dojo18,M113,,still4%4_0,,,,,,,
413,Raider_Forest_M8,2-1,Raider_dojo19,M116,,wave_explain3%3_26,,,,,,,
414,Raider_Forest_M9,2-1,Raider_dojo20,M119,,hand1_explain%2_26,,,,,,,
415,Raider_Forest_M10,2-1,Raider_dojo21,M122,,thinking%0_6,,,,,,,
416,Raider_Forest_M11,2-1,Raider_dojo22,M102,,double_hands7%7_26,,,,,,,
417,Raider_Forest_M12,2-1,Raider_dojo23,M107,,double_low%5_26,,,,,,,
418,Raider_Forest_M13,2-1,Raider_forest11,M102,,slight_wave%1_0,,,,,,,
419,Raider_Forest_M14,2-1,Raider_forest12,M107,,shuffle%10_21,,,,,,,
420,Raider_Forest_F12,2-1,Raider_forest13,F107,,still4%4_0,,,,,,,
421,Raider_Forest_F13,2-1,Raider_forest14,F112,,wave_explain3%3_26,,,,,,,
422,Raider_Forest_M15,2-1,Raider_forest15,M106,,hand1_explain%2_26,,,,,,,
423,Raider_Forest_M16,2-1,Raider_forest16,M110,,thinking%0_6,,,,,,,
424,Raider_Forest_M17,2-1,Raider_forest17,M113,,double_hands7%7_26,,,,,,,
425,Raider_Forest_M18,2-1,Raider_forest18,M116,,double_low%5_26,,,,,,,
426,Raider_Forest_M19,2-1,Raider_forest19,M104,,this_that%7_1,,,,,,,
427,Raider_Forest_M20,2-1,Raider_forest20,M122,,hand1_explain%2_26,,,,,,,
428,Raider_Forest_F14,2-1,Raider_forest21,F095,,slight_wave%1_0,,,,,,,
429,Raider_Forest_F15,2-1,Raider_forest22,F098,,shuffle%10_21,,,,,,,
430,Raider_Forest_F16,2-1,Raider_forest23,F105,,still4%4_0,,,,,,,
431,Raider_Forest_F17,2-1,Raider_forest24,F108,,wave_explain3%3_26,,,,,,,
432,Raider_Forest_F18,2-1,Raider_forest25,F113,,hand1_explain%2_26,,,,,,,
433,Raider_Forest_F19,2-1,Raider_forest26,F096,,thinking%0_6,,,,,,,
434,Raider_Fishing_M1,3-1,Raider_pass1,M112,,mid_point%5_1,,,,,,,
435,Raider_Fishing_F1,3-1,Raider_pass2,F103,,hand1_explain%2_26,,,,,,,
436,Raider_Fishing_F2,3-1,Raider_pass3,F106,,thinking%0_6,,,,,,,
437,Raider_Fishing_M2,3-1,Raider_pass4,M111,,double_hands7%7_26,,,,,,,
438,Raider_Fishing_M3,3-1,Raider_pass5,M114,,double_low%5_26,,,,,,,
439,Raider_Fishing_M4,3-1,Raider_pass6,M117,,this_that%7_1,,,,,,,
440,Raider_Fishing_M5,3-1,Raider_pass7,M108,,hand1_explain%2_26,,,,,,,
441,Raider_Fishing_M6,3-1,Raider_pass8,M100,,slight_wave%1_0,,,,,,,
442,Raider_Fishing_M7,3-1,Raider_pass9,M105,,shuffle%10_21,,,,,,,
443,Raider_Fishing_M8,3-1,Raider_pass10,M109,,still4%4_0,,,,,,,
444,Raider_Fishing_M9,3-1,Raider_pass11,M112,,wave_explain3%3_26,,,,,,,
445,Raider_Fishing_M10,3-1,Raider_pass12,M115,,hand1_explain%2_26,,,,,,,
446,Raider_Fishing_F3,3-1,Raider_pass13,F109,,thinking%0_6,,,,,,,
447,Raider_Fishing_F4,3-1,Raider_pass14,F110,,double_hands7%7_26,,,,,,,
448,Raider_Fishing_F5,3-1,Raider_fishing1,F110,,double_low%5_26,,,,,,,
449,Raider_Fishing_F6,3-1,Raider_fishing2,F097,,this_that%7_1,,,,,,,
450,Raider_Fishing_M11,3-1,Raider_fishing3,M118,,hand1_explain%2_26,,,,,,,
451,Raider_Fishing_M12,3-1,Raider_fishing4,M121,,slight_wave%1_0,,,,,,,
452,Raider_Fishing_M13,3-1,Raider_fishing5,M104,,shuffle%10_21,,,,,,,
453,Raider_Fishing_M14,3-1,Raider_fishing6,M106,,still4%4_0,,,,,,,
454,Raider_Fishing_F7,3-1,Raider_fishing7,F104,,wave_explain3%3_26,,,,,,,
455,Raider_Fishing_F8,3-1,Raider_fishing8,F107,,hand1_explain%2_26,,,,,,,
456,Raider_Fishing_M15,3-1,Raider_swamp1,M108,,mid_point%5_1,,,,,,,
457,Raider_Fishing_F9,3-1,Raider_swamp2,F112,,thinking%0_6,,,,,,,
458,Raider_Fishing_F10,3-1,Raider_swamp3,F115,,double_hands7%7_26,,,,,,,
459,Raider_Fishing_F11,3-1,Raider_swamp4,F095,,double_low%5_26,,,,,,,
460,Raider_Fishing_F12,3-1,Raider_swamp5,F098,,this_that%7_1,,,,,,,
461,Raider_Fishing_F13,3-1,Raider_swamp6,F105,,hand1_explain%2_26,,,,,,,
462,Raider_Fishing_M16,3-1,Raider_swamp7,M110,,slight_wave%1_0,,,,,,,
463,Raider_Fishing_M17,3-1,Raider_swamp8,M113,,shuffle%10_21,,,,,,,
464,Raider_Fishing_F14,3-1,Raider_fishing9,F108,,still4%4_0,,,,,,,
465,Raider_Fishing_F15,3-1,Raider_fishing10,F113,,wave_explain3%3_26,,,,,,,
466,Raider_Fishing_F16,3-1,Raider_fishing11,F096,,hand1_explain%2_26,,,,,,,
467,Raider_Fishing_F17,3-1,Raider_fishing12,F103,,thinking%0_6,,,,,,,
468,Raider_Fishing_F18,3-1,Raider_fishing13,F106,,double_hands7%7_26,,,,,,,
469,Raider_Fishing_F19,3-1,Raider_fishing14,F109,,double_low%5_26,,,,,,,
470,Raider_Fishing_F20,3-1,Raider_fishing15,F114,,this_that%7_1,,,,,,,
471,Raider_Fishing_M18,3-1,Raider_fishing16,M116,,hand1_explain%2_26,,,,,,,
472,Raider_Fishing_M19,3-1,Raider_fishing17,M119,,slight_wave%1_0,,,,,,,
473,Raider_Fishing_M20,3-1,Raider_fishing18,M122,,shuffle%10_21,,,,,,,
474,Raider_Fishing_M21,3-1,Raider_fishing19,M102,,still4%4_0,,,,,,,
475,Raider_Fishing_M22,3-1,Raider_fishing20,M107,,wave_explain3%3_26,,,,,,,
476,Raider_Fishing_M23,3-1,Raider_fishing21,M111,,hand1_explain%2_26,,,,,,,
477,Raider_Fishing_M24,3-1,Raider_fishing22,M114,,thinking%0_6,,,,,,,
478,Raider_Fishing_M25,3-1,Raider_fishing23,M117,,double_hands7%7_26,,,,,,,
479,Raider_Fishing_M26,3-1,Raider_fishing24,M120,,double_low%5_26,,,,,,,
480,Raider_Fishing_M27,3-1,Raider_fishing25,M100,,this_that%7_1,,,,,,,
481,Raider_Fishing_M28,3-1,Raider_fishing26,M105,,slight_wave%1_0,,,,,,,
482,Raider_Fishing_M29,3-1,Raider_fishing27,M109,,slight_wave%1_0,,,,,,,
483,Raider_Fishing_M30,3-1,Raider_fishing28,M112,,shuffle%10_21,,,,,,,
484,Raider_Fishing_M31,3-1,Raider_fishing29,M115,,still4%4_0,,,,,,,
485,Raider_Fishing_F21,3-1,Raider_fishing30,F102,,mid_point%5_1,,,,,,,
486,Raider_Fishing_F25,3-1,Raider_fishing31,F102,,mid_point%5_1,,,,,,,
487,Raider_Fishing_M33,3-1,Raider_fishing32,M115,,still4%4_0,,,,,,,
488,Ally_Lake_M1,2-1,Ally_xroad1pre,M125,,slight_wave%1_0,,,,,,,
489,Ally_Lake_M2,2-1,Ally_xroad1,M125,,slight_wave%1_0,,,,,,,
490,Ally_Lake_M3,2-1,Ally_xroad1fight,M125,,shuffle%10_21,,,,,,,
491,Ally_Lake_M4,2-1,Ally_xroad1post,M125,,this_that%7_1,,,,,,,
492,Ally_Forest_M1,2-1,Ally_forest1,M126,,double_hands7%7_26,,,,,,,
493,Ally_Forest_M2,2-1,Ally_forest2,M127,,double_low%5_26,,,,,,,
494,Ally_Forest_F1,2-1,Ally_forest3,F118,,this_that%7_1,,,,,,,
495,Ally_Forest_M3,2-1,Ally_forest1fight,M126,,double_hands7%7_26,,,,,,,
496,Ally_Forest_M4,2-1,Ally_forest2fight,M127,,double_low%5_26,,,,,,,
497,Ally_Forest_F2,2-1,Ally_forest3fight,F118,,this_that%7_1,,,,,,,
498,Ally_Forest_M5,2-1,Ally_forest1post,M126,,double_hands7%7_26,,,,,,,
499,Ally_Forest_M6,2-1,Ally_forest2post,M127,,double_low%5_26,,,,,,,
500,Ally_Forest_F3,2-1,Ally_forest3post1,F118,,this_that%7_1,,,,,,,
501,Ally_Forest_F6,2-1,Ally_forest3post2,F118,,this_that%7_1,,,,,,,
502,Ally_Fishing_M1,3-1,Ally_fishing1,M128,,slight_wave%1_0,,,,,,,
503,Ally_Fishing_M2,3-1,Ally_fishing1post,M128,,shuffle%10_21,,,,,,,
504,tiger_df1,2-1,tiger_df1,,,,,,,,,,
505,tiger_df2,2-1,tiger_df2,,,,,,,,,,
506,tiger_df3,2-1,tiger_df3,,,,,,,,,,
507,tiger_df4,2-1,tiger_df4,,,,,,,,,,
508,tiger_df5,2-1,tiger_df5,,,,,,,,,,
509,tiger_df6,2-1,tiger_df6,,,,,,,,,,
510,tiger_df7,2-1,tiger_df7,,,,,,,,,,
511,tiger_df8,2-1,tiger_df8,,,,,,,,,,
512,tiger_df9,2-1,tiger_df9,,,,,,,,,,
513,tiger_df10,2-1,tiger_df10,,,,,,,,,,
514,tiger_df11,2-1,tiger_df11,,,,,,,,,,
515,tiger_df12,2-1,tiger_df12,,,,,,,,,,
516,tiger_df13,2-1,tiger_df13,,,,,,,,,,
517,tiger_df14,2-1,tiger_df14,,,,,,,,,,
518,tiger_df15,2-1,tiger_df15,,,,,,,,,,
519,tiger_df16,2-1,tiger_df16,,,,,,,,,,
520,tiger_df17,2-1,tiger_df17,,,,,,,,,,
521,tiger_df18,2-1,tiger_df18,,,,,,,,,,
522,tiger_df19,2-1,tiger_df19,,,,,,,,,,
523,tiger_df20,2-1,tiger_df20,,,,,,,,,,
524,tiger_df21,2-1,tiger_df21,,,,,,,,,,
525,tiger_df22,2-1,tiger_df22,,,,,,,,,,
526,tiger_df23,2-1,tiger_df23,,,,,,,,,,
527,tiger_df24,2-1,tiger_df24,,,,,,,,,,
528,tiger_df25,2-1,tiger_df25,,,,,,,,,,
529,tiger_df26,2-1,tiger_df26,,,,,,,,,,
530,tiger_df27,2-1,tiger_df27,,,,,,,,,,
531,tiger_df28,2-1,tiger_df28,,,,,,,,,,
532,tiger_df29,2-1,tiger_df29,,,,,,,,,,
533,tiger_df30,2-1,tiger_df30,,,,,,,,,,
534,tiger_df31,2-1,tiger_df31,,,,,,,,,,
535,tiger_df32,2-1,tiger_df32,,,,,,,,,,
536,tiger_df33,2-1,tiger_df33,,,,,,,,,,
537,tiger_df34,2-1,tiger_df34,,,,,,,,,,
538,tiger_df35,2-1,tiger_df35,,,,,,,,,,
539,tiger_df36,2-1,tiger_df36,,,,,,,,,,
540,tiger_df37,2-1,tiger_df37,,,,,,,,,,
541,tiger_df38,2-1,tiger_df38,,,,,,,,,,
542,tiger_df39,2-1,tiger_df39,,,,,,,,,,
543,tiger_rt1,2-1,tiger_rt1,,,,,,,,,,
544,tiger_rt2,2-1,tiger_rt2,,,,,,,,,,
545,tiger_rt3,2-1,tiger_rt3,,,,,,,,,,
546,tiger_rt4,2-1,tiger_rt4,,,,,,,,,,
547,tiger_rt5,2-1,tiger_rt5,,,,,,,,,,
548,tiger_rt6,2-1,tiger_rt6,,,,,,,,,,
549,tiger_rt7,2-1,tiger_rt7,,,,,,,,,,
550,tiger_rt8,2-1,tiger_rt8,,,,,,,,,,
551,tiger_rt9,2-1,tiger_rt9,,,,,,,,,,
552,tiger_rt10,2-1,tiger_rt10,,,,,,,,,,
553,tiger_rt11,2-1,tiger_rt11,,,,,,,,,,
554,tiger_rt12,2-1,tiger_rt12,,,,,,,,,,
555,tiger_rt13,2-1,tiger_rt13,,,,,,,,,,
556,tiger_rt14,2-1,tiger_rt14,,,,,,,,,,
557,tiger_rt15,2-1,tiger_rt15,,,,,,,,,,
558,turtle_lt1,2-1,turtle_lt1,,,,,,,,,,
559,turtle_lt2,2-1,turtle_lt2,,,,,,,,,,
560,turtle_lt3,2-1,turtle_lt3,,,,,,,,,,
561,turtle_lt4,2-1,turtle_lt4,,,,,,,,,,
562,turtle_lt5,2-1,turtle_lt5,,,,,,,,,,
563,turtle_lt6,2-1,turtle_lt6,,,,,,,,,,
564,turtle_lt7,2-1,turtle_lt7,,,,,,,,,,
565,turtle_mt1,2-1,turtle_mt1,,,,,,,,,,
566,turtle_mt2,2-1,turtle_mt2,,,,,,,,,,
567,turtle_mt3,2-1,turtle_mt3,,,,,,,,,,
568,turtle_rb1,2-1,turtle_rb1,,,,,,,,,,
569,turtle_rb2,2-1,turtle_rb2,,,,,,,,,,
570,turtle_rb3,2-1,turtle_rb3,,,,,,,,,,
571,turtle_rb4,2-1,turtle_rb4,,,,,,,,,,
572,turtle_rb5,2-1,turtle_rb5,,,,,,,,,,
573,turtle_rb6,2-1,turtle_rb6,,,,,,,,,,
574,turtle_rb7,2-1,turtle_rb7,,,,,,,,,,
575,turtle_rb8,2-1,turtle_rb8,,,,,,,,,,
576,turtle_rb9,2-1,turtle_rb9,,,,,,,,,,
577,turtle_rb10,2-1,turtle_rb10,,,,,,,,,,
578,turtle_rb11,2-1,turtle_rb11,,,,,,,,,,
579,turtle_rb12,2-1,turtle_rb12,,,,,,,,,,
580,turtle_rb13,2-1,turtle_rb13,,,,,,,,,,
581,turtle_rb14,2-1,turtle_rb14,,,,,,,,,,
582,turtle_rb15,2-1,turtle_rb15,,,,,,,,,,
583,turtle_rb16,2-1,turtle_rb16,,,,,,,,,,
584,turtle_rb17,2-1,turtle_rb17,,,,,,,,,,
585,turtle_rb18,2-1,turtle_rb18,,,,,,,,,,
586,turtle_rb19,2-1,turtle_rb19,,,,,,,,,,
587,turtle_rb20,2-1,turtle_rb20,,,,,,,,,,
588,turtle_rb21,2-1,turtle_rb21,,,,,,,,,,
589,turtle_rb22,2-1,turtle_rb22,,,,,,,,,,
590,turtle_rb23,2-1,turtle_rb23,,,,,,,,,,
591,turtle_rb24,2-1,turtle_rb24,,,,,,,,,,
592,turtle_rb25,2-1,turtle_rb25,,,,,,,,,,
593,turtle_rb26,2-1,turtle_rb26,,,,,,,,,,
594,turtle_rb27,2-1,turtle_rb27,,,,,,,,,,
595,turtle_rb28,2-1,turtle_rb28,,,,,,,,,,
596,fairy_village_fv1,2-1,fairy_village_fv1,,,,,,,,,,
597,fairy_village_fv2,2-1,fairy_village_fv2,,,,,,,,,,
598,fairy_village_fv3,2-1,fairy_village_fv3,,,,,,,,,,
599,fairy_village_fv4,2-1,fairy_village_fv4,,,,,,,,,,
600,fairy_village_fv5,2-1,fairy_village_fv5,,,,,,,,,,
601,fairy_village_fv6,2-1,fairy_village_fv6,,,,,,,,,,
602,fairy_village_fv7,2-1,fairy_village_fv7,,,,,,,,,,
603,fairy_village_fd1,2-1,fairy_village_fd1,,,,,,,,,,
604,fairy_village_fd2,2-1,fairy_village_fd2,,,,,,,,,,
605,fairy_village_ld1,2-1,fairy_village_ld1,,,,,,,,,,
606,fairy_village_ld2,2-1,fairy_village_ld2,,,,,,,,,,
607,fairy_village_ld3,2-1,fairy_village_ld3,,,,,,,,,,
608,fairy_village_ld4,2-1,fairy_village_ld4,,,,,,,,,,
609,fairy_village_ld5,2-1,fairy_village_ld5,,,,,,,,,,
610,fairy_village_ld6,2-1,fairy_village_ld6,,,,,,,,,,
611,fairy_village_ld7,2-1,fairy_village_ld7,,,,,,,,,,
612,fairy_village_ld8,2-1,fairy_village_ld8,,,,,,,,,,
613,fairy_village_ld9,2-1,fairy_village_ld9,,,,,,,,,,
614,fairy_village_ld10,2-1,fairy_village_ld10,,,,,,,,,,
615,fairy_village_ld11,2-1,fairy_village_ld11,,,,,,,,,,
616,fairy_village_ld12,2-1,fairy_village_ld12,,,,,,,,,,
617,fairy_village_ld13,2-1,fairy_village_ld13,,,,,,,,,,
618,fairy_village_mt1,2-1,fairy_village_mt1,,,,,,,,,,
619,fairy_village_mt2,2-1,fairy_village_mt2,,,,,,,,,,
620,fairy_village_mt3,2-1,fairy_village_mt3,,,,,,,,,,
621,fairy_village_mt4,2-1,fairy_village_mt4,,,,,,,,,,
622,fairy_village_mt5,2-1,fairy_village_mt5,,,,,,,,,,
623,fairy_village_mt6,2-1,fairy_village_mt6,,,,,,,,,,
624,fairy_village_pt1,2-1,fairy_village_pt1,,,,,,,,,,
625,fairy_village_pt2,2-1,fairy_village_pt2,,,,,,,,,,
626,fairy_village_pt3,2-1,fairy_village_pt3,,,,,,,,,,
627,fairy_village_pt4,2-1,fairy_village_pt4,,,,,,,,,,
628,fairy_village_pt5,2-1,fairy_village_pt5,,,,,,,,,,
629,fairy_village_pt6,2-1,fairy_village_pt6,,,,,,,,,,
630,fairy_village_pt7,2-1,fairy_village_pt7,,,,,,,,,,
631,fairy_village_pt8,2-1,fairy_village_pt8,,,,,,,,,,
632,fairy_village_rb1,2-1,fairy_village_rb1,,,,,,,,,,
633,fairy_village_rb2,2-1,fairy_village_rb2,,,,,,,,,,
634,fairy_village_rb3,2-1,fairy_village_rb3,,,,,,,,,,
635,fairy_village_rb4,2-1,fairy_village_rb4,,,,,,,,,,
636,fairy_village_rb5,2-1,fairy_village_rb5,,,,,,,,,,
637,fairy_village_rb6,2-1,fairy_village_rb6,,,,,,,,,,
638,fairy_village_rb7,2-1,fairy_village_rb7,,,,,,,,,,
639,fairy_village_rt1,2-1,fairy_village_rt1,,,,,,,,,,
640,fairy_village_rt2,2-1,fairy_village_rt2,,,,,,,,,,
641,fairy_village_rt3,2-1,fairy_village_rt3,,,,,,,,,,
642,fairy_village_rt4,2-1,fairy_village_rt4,,,,,,,,,,
643,fairy_village_rn1,2-1,fairy_village_rn1,,,,,,,,,,
644,fairy_village_rn2,2-1,fairy_village_rn2,,,,,,,,,,
645,fairy_village_rn3,2-1,fairy_village_rn3,,,,,,,,,,
646,incense_fairy_fv1,2-1,incense_fairy_fv1,,,,,,,,,,
647,incense_fairy_fv2,2-1,incense_fairy_fv2,,,,,,,,,,
648,incense_fairy_fv3,2-1,incense_fairy_fv3,,,,,,,,,,
649,incense_fairy_fv4,2-1,incense_fairy_fv4,,,,,,,,,,
650,incense_fairy_fv5,2-1,incense_fairy_fv5,,,,,,,,,,
651,incense_fairy_fv6,2-1,incense_fairy_fv6,,,,,,,,,,
652,incense_fairy_fv7,2-1,incense_fairy_fv7,,,,,,,,,,
653,incense_fairy_fd1,2-1,incense_fairy_fd1,,,,,,,,,,
654,incense_fairy_fd2,2-1,incense_fairy_fd2,,,,,,,,,,
655,incense_fairy_ld1,2-1,incense_fairy_ld1,,,,,,,,,,
656,incense_fairy_ld2,2-1,incense_fairy_ld2,,,,,,,,,,
657,incense_fairy_ld3,2-1,incense_fairy_ld3,,,,,,,,,,
658,incense_fairy_ld4,2-1,incense_fairy_ld4,,,,,,,,,,
659,incense_fairy_ld5,2-1,incense_fairy_ld5,,,,,,,,,,
660,incense_fairy_ld6,2-1,incense_fairy_ld6,,,,,,,,,,
661,incense_fairy_ld7,2-1,incense_fairy_ld7,,,,,,,,,,
662,incense_fairy_ld8,2-1,incense_fairy_ld8,,,,,,,,,,
663,incense_fairy_ld9,2-1,incense_fairy_ld9,,,,,,,,,,
664,incense_fairy_ld10,2-1,incense_fairy_ld10,,,,,,,,,,
665,incense_fairy_ld11,2-1,incense_fairy_ld11,,,,,,,,,,
666,incense_fairy_ld12,2-1,incense_fairy_ld12,,,,,,,,,,
667,incense_fairy_ld13,2-1,incense_fairy_ld13,,,,,,,,,,
668,incense_fairy_mt1,2-1,incense_fairy_mt1,,,,,,,,,,
669,incense_fairy_mt2,2-1,incense_fairy_mt2,,,,,,,,,,
670,incense_fairy_mt3,2-1,incense_fairy_mt3,,,,,,,,,,
671,incense_fairy_mt4,2-1,incense_fairy_mt4,,,,,,,,,,
672,incense_fairy_mt5,2-1,incense_fairy_mt5,,,,,,,,,,
673,incense_fairy_mt6,2-1,incense_fairy_mt6,,,,,,,,,,
674,incense_fairy_pt1,2-1,incense_fairy_pt1,,,,,,,,,,
675,incense_fairy_pt2,2-1,incense_fairy_pt2,,,,,,,,,,
676,incense_fairy_pt3,2-1,incense_fairy_pt3,,,,,,,,,,
677,incense_fairy_pt4,2-1,incense_fairy_pt4,,,,,,,,,,
678,incense_fairy_pt5,2-1,incense_fairy_pt5,,,,,,,,,,
679,incense_fairy_pt6,2-1,incense_fairy_pt6,,,,,,,,,,
680,incense_fairy_pt7,2-1,incense_fairy_pt7,,,,,,,,,,
681,incense_fairy_pt8,2-1,incense_fairy_pt8,,,,,,,,,,
682,incense_fairy_rb1,2-1,incense_fairy_rb1,,,,,,,,,,
683,incense_fairy_rb2,2-1,incense_fairy_rb2,,,,,,,,,,
684,incense_fairy_rb3,2-1,incense_fairy_rb3,,,,,,,,,,
685,incense_fairy_rb4,2-1,incense_fairy_rb4,,,,,,,,,,
686,incense_fairy_rb5,2-1,incense_fairy_rb5,,,,,,,,,,
687,incense_fairy_rb6,2-1,incense_fairy_rb6,,,,,,,,,,
688,incense_fairy_rb7,2-1,incense_fairy_rb7,,,,,,,,,,
689,incense_fairy_rt1,2-1,incense_fairy_rt1,,,,,,,,,,
690,incense_fairy_rt2,2-1,incense_fairy_rt2,,,,,,,,,,
691,incense_fairy_rt3,2-1,incense_fairy_rt3,,,,,,,,,,
692,incense_fairy_rt4,2-1,incense_fairy_rt4,,,,,,,,,,
693,incense_fairy_rn1,2-1,incense_fairy_rn1,,,,,,,,,,
694,incense_fairy_rn2,2-1,incense_fairy_rn2,,,,,,,,,,
695,incense_fairy_rn3,2-1,incense_fairy_rn3,,,,,,,,,,
696,Plateau_M11,2-1,Lazy Miner in town,M089,,slight_wave%1_0,,,,,,,
697,Plateau_M12,3-1,Mayor1_exile,M039,,slight_wave%1_0,,,,,,,
698,Ally_Forest_M7,3-1,Ally_dojo1,M125,,shuffle%10_21,,,,,,,
699,Plateau_M13,3-1,Ally_woundedP,M125,,sit_cough%4_13,,,,,,,
700,Plateau_M14,3-1,Old man with cart exile,M044,,sit_ground%1_11,,,,,,,
701,Plateau_F12,1-1,Mayor3,F053,,slight_wave%1_0,,,,,,,
702,Plateau_F13,3-1,Lady cooking exile,F045,,lie_side%1_2,,,,,,,
703,Plateau_M15,3-1,Man at tree exile,M017,,lie_side%1_2,,,,,,,
704,Plateau_F14,3-1,Woman hold cup exile,F044,,sit_cough%4_13,,,,,,,
705,Plateau_M16,3-1,Mayor1_exile2,M039,,slight_wave%1_0,,,,,,,
706,Plateau_M17,3-1,Shepherd in town2,M088,low_plead%1_26,wave_in%6_1,,,,,,,
707,Plateau_F10,3-1,Debby Downer,F047,,sit_cough%4_13,,,,,,,
708,Plateau_M18,3-1,Distraught Man,M045,,sit_cough%4_13,,,,,,,
709,Plateau_M19,3-1,Boy to girl,M052,,wary_around%2_16,,,,,,,
710,Plateau_F11,3-1,Girl sobbing,F046,,sit_cough%4_13,,,,,,,
711,Plateau_F15,3-1,Red1,F126,,thinking%0_6,,,,,,,
712,Plateau_F16,3-1,Red2,F126,,thinking%0_6,,,,,,,
713,Plateau_F17,3-1,Red3,F126,,thinking%0_6,,,,,,,
714,Plateau_F18,3-1,Mom of Red,F127,,slight_shrug%9_21,,,,,,,
715,Plateau_M20,3-1,Dad of Red,M140,,double_hands7%7_26,,,,,,,
716,dummy_heal,1-2,dummy_heal,,,hand_to_side%4_26,,,,,,,
717,Mountain_M13,1-2,Guard pacing at gate,M130,,,,,,,,,
718,Mountain_M14,1-2,Guard on road1,M131,,,,,,,,,
719,Mountain_M15,1-2,Guard on road2,M132,,,,,,,,,
720,Mountain_M16,1-2,Guard on road3,M133,,,,,,,,,
721,Mountain_M17,1-2,Guard at back gate,M134,,shuffle%10_21,,,,,,,
722,Mountain_F3,1-2,Welcoming Guard,F119,,slight_wave%1_0,,,,,,,
723,Mountain_F4,1-2,Farmer on road,F130,,shuffle%10_21,,,,,,,
724,Forest_M27,1-2,Ally_by_town,M125,,slight_wave%1_0,,,,,,,
725,Forest_M28,1-2,Ally_in_town,M125,,thinking%0_6,,,,,,,
726,Forest_F12,1-2,Scout3,F129,,shuffle%10_21,,,,,,,
727,Forest_F13,1-2,Scout4,F129,,slight_shrug%9_21,,,,,,,
728,Forest_F14,1-2,Scout5,F129,,looking_far%7_21,,,,,,,
729,Forest_M29,1-2,Cook,M141,,wave_explain3%3_26,,,,,,,
730,Forest_M30,1-2,Ally_woundedF1,M143,,sit_cough%4_13,,,,,,,
731,Forest_M31,1-2,Ally_woundedF2,M144,,sit_ground%1_11,,,,,,,
732,Forest_F15,1-2,Ally_woundedF3,F131,,lie_side%1_2,,,,,,,
733,Forest_F16,1-2,Ally_woundedF4,F132,,lie_side%1_2,,,,,,,
734,Forest_F17,3-1,Guard messenger,F120,,slight_wave%1_0,,,,,,,
735,Forest_F18,3-1,Guard friend,F121,,shuffle%10_21,,,,,,,
736,Forest_F19,3-1,Guard captain,F122,,mid_point%5_1,,,,,,,
737,Forest_M32,3-1,Guard lieutenant,M135,,head_right%1_16,,,,,,,
738,Forest_M33,3-1,Ally_forward,M125,,look_around_far%9_6,,,,,,,
739,Ally_Lake_M5,1-2,Ally_wounded1,M145,,lie_side%1_2,,,,,,,
740,Ally_Lake_M6,1-2,Ally_wounded2,M146,,sit_ground%1_11,,,,,,,
741,Ally_Lake_F1,1-2,Ally_wounded3,F133,,hand_to_side%4_26,,,,,,,
742,Ally_Forest_M8,1-2,Ally_wounded4,M147,,sit_ground%1_11,,,,,,,
743,Ally_Forest_F4,1-2,Ally_wounded5,F134,,lie_side%1_2,,,,,,,
744,Ally_Forest_F5,1-2,Ally_wounded6,F135,,slight_wave%1_0,,,,,,,
745,Ally_Mountain_F1,1-2,Ally_wounded7,F136,,lie_side%1_2,,,,,,,
746,Ally_Mountain_M1,1-2,Ally_wounded8,M148,,thinking%0_6,,,,,,,
747,Ally_Plateau_F1,1-2,Ally_wounded9,F137,,shuffle%10_21,,,,,,,
748,Ally_Plateau_F2,1-2,Ally_wounded10,F138,,lie_side%1_2,,,,,,,
749,Ally_Fishing_F4,1-2,Ally_wounded11,F139,,sit_ground%1_11,,,,,,,
750,Ally_Fishing_F5,1-2,Ally_wounded12,F131,,lie_side%1_2,,,,,,,
751,Ally_Fishing_M3,1-2,Ally_wounded13,M149,,sit_ground%1_11,,,,,,,
752,Ally_Fishing_M4,1-2,Ally_wounded14,M143,,lie_side%1_2,,,,,,,
753,Ally_Lake_M5p,1-2,Ally_wounded1p,M145,,lie_side%1_2,,,,,,,
754,Ally_Lake_M6p,1-2,Ally_wounded2p,M146,,lie_side%1_2,,,,,,,
755,Ally_Lake_F1p,1-2,Ally_wounded3p,F133,,lie_side%1_2,,,,,,,
756,Ally_Forest_M8p,1-2,Ally_wounded4p,M147,,lie_side%1_2,,,,,,,
757,Ally_Forest_F4p,1-2,Ally_wounded5p,F134,,lie_side%1_2,,,,,,,
758,Ally_Forest_F5p,1-2,Ally_wounded6p,F135,,lie_side%1_2,,,,,,,
759,Ally_Mountain_F1p,1-2,Ally_wounded7p,F136,,lie_side%1_2,,,,,,,
760,Ally_Mountain_M1p,1-2,Ally_wounded8p,M148,,lie_side%1_2,,,,,,,
761,Ally_Plateau_F1p,1-2,Ally_wounded9p,F137,,lie_side%1_2,,,,,,,
762,Ally_Plateau_F2p,1-2,Ally_wounded10p,F138,,lie_side%1_2,,,,,,,
763,Ally_Fishing_F4p,1-2,Ally_wounded11p,F139,,lie_side%1_2,,,,,,,
764,Ally_Fishing_F5p,1-2,Ally_wounded12p,F131,,lie_side%1_2,,,,,,,
765,Ally_Fishing_M3p,1-2,Ally_wounded13p,M149,,lie_side%1_2,,,,,,,
766,Ally_Fishing_M4p,1-2,Ally_wounded14p,M143,,lie_side%1_2,,,,,,,
767,Ally_Fishing_F1,3-1,Scout6,F129,,looking_far%7_21,,,,,,,
768,Ally_Fishing_F2,3-1,Scout7,F129,,conv_onehand_low%3_1,,,,,,,
769,Ally_Fishing_F3,3-1,Scout8,F129,,wave_explain3%3_26,,,,,,,
770,Raider_Fishing_F22,1-2,Raider_tunnel1,M109,,still4%4_0,,,,,,,
771,Raider_Fishing_F23,1-2,Raider_tunnel2,M112,,wave_explain3%3_26,,,,,,,
772,Raider_Fishing_F24,1-2,Raider_tunnel3,M115,,hand1_explain%2_26,,,,,,,
773,Raider_Fishing_M32,1-2,Raider_tunnel4,F109,,thinking%0_6,,,,,,,
774,dummy_heal3,1-2,dummy_heal3,,,,,,,,,,
775,dummy_heal4,1-2,dummy_heal4,,,,,,,,,,
776,dummy_heal5,1-2,dummy_heal5,,,,,,,,,,
777,dummy_heal6,1-2,dummy_heal6,,,hand_to_side%4_26,,,,,,,
778,dummy_heal7,1-2,dummy_heal7,,,slight_wave%1_0,,,,,,,
779,,,,,,thinking%0_6,,,,,,,
780,,,,,,shuffle%10_21,,,,,,,
781,,,,,,slight_shrug%9_21,,,,,,,
,,,,,,looking_far%7_21,,,,,,,
,,,,,,conv_onehand_low%3_1,,,,,,,
,,,,,,wave_explain3%3_26,,,,,,,
,,,,,,non_commital%2_1,,,,,,,
,,,,,,one_hand_dismiss%1_18,,,,,,,
,,,,,,mid_point%5_1,,,,,,,
,,,,,,head_right%1_16,,,,,,,
,,,,,,look_around_far%9_6,,,,,,,
,,,,,,wary_around%2_16,,,,,,,
,,,,,,double_hands7%7_26,,,,,,,
,,,,,,double_low%5_26,,,,,,,
,,,,,,this_that%7_1,,,,,,,
,,,,,,draw_focus%1_26,,,,,,,
,,,,,,punch_together%10_18,,,,,,,