,element,range,attack_type,attack_row_id,attack_column_id,sub_attack_id,transform_row_id,transform_column_id,attack_animation_file,attack_description,bending_id,bending_config_id,bending_file,bending_description,bending_config_description,notes,sound1_id,sound1,sound2_id,sound2,sound3_id,sound3
1,NoneSelected,Far,Light,4,0,1,4,0,Uppercut_Lead_Lunge_Anim,Jab and Cross from Mixamo,,,,,,,0,,0,,0,
2,NoneSelected,Far,Light,4,1,1,4,1,Hook_High_Still_Anim,,,,,,,,0,,0,,0,
3,NoneSelected,Far,Light,4,2,1,4,2,Jab_Cross_Anim,,,,,,,,0,,0,,0,
4,NoneSelected,Far,Heavy,4,6,1,4,6,Flying_Kick_Anim,,,,,,,,0,,0,,0,
5,NoneSelected,Far,Heavy,4,7,1,4,7,Roundhouse_Anim,,,,,,,,0,,0,,0,
6,NoneSelected,Far,Area,4,12,1,4,12,Leg_Sweep_Reverse360_High_Anim,,,,,,,,0,,0,,0,
7,NoneSelected,Far,Area,4,13,1,4,13,Roundhouse_Anim,,,,,,,,0,,0,,0,
8,NoneSelected,Medium,Light,5,0,1,5,0,Uppercut_Lead_Lunge_Anim,,,,,,,,0,,0,,0,
9,NoneSelected,Medium,Light,5,1,1,5,1,Hook_High_Still_Anim,,,,,,,,0,,0,,0,
10,NoneSelected,Medium,Light,5,2,1,5,2,Jab_Cross_Anim,,,,,,,,0,,0,,0,
11,NoneSelected,Medium,Heavy,5,6,1,5,6,Flying_Kick_Anim,,,,,,,,0,,0,,0,
12,NoneSelected,Medium,Heavy,5,7,1,5,7,Roundhouse_Anim,,,,,,,,0,,0,,0,
13,NoneSelected,Medium,Area,5,12,1,5,12,Leg_Sweep_Reverse360_High_Anim,,,,,,,,0,,0,,0,
14,NoneSelected,Medium,Area,5,13,1,5,13,Roundhouse_Anim,,,,,,,,0,,0,,0,
15,NoneSelected,Close,Light,6,0,1,6,0,A_atk_01_G,bob and reverse punch,2,1,Void_Bending2_void_strike,small dark explosion,,,0,,0,,0,
16,NoneSelected,Close,Light,6,1,1,6,1,Hook_High_Still_Anim,,,,,,,,0,,0,,0,
17,NoneSelected,Close,Run+Light,6,4,1,6,4,A_atk_01_G,bob and reverse punch,2,1,Void_Bending2_void_strike,small dark explosion,,,0,,0,,0,
18,NoneSelected,Close,Heavy,6,6,1,6,6,A_BackFist_L,spinning backfist,1,1,Void_Bending1_void_fan,darkness fan,,,0,,0,,0,
19,NoneSelected,Close,Run+Heavy,6,10,1,6,10,A_BackFist_L,spinning backfist,1,1,Void_Bending1_void_fan,darkness fan,,,0,,0,,0,
20,NoneSelected,Close,Area,6,12,1,6,12,Leg_Sweep_Reverse360_High_Anim,,,,,,,,0,,0,,0,
21,NoneSelected,Close,Area,6,13,1,6,13,Roundhouse_Anim,,,,,,,,0,,0,,0,
22,Fire,Dodge,Light,10,0,1,10,0,Jab_Cross_Anim,,,,,,,,0,,0,,0,
23,Fire,Dodge,Light,10,1,1,10,1,Roundhouse_Anim,,,,,,,,0,,0,,0,
24,Fire,Dodge,Light,10,2,1,10,2,Fireball_Anim,,,,,,,,0,,0,,0,
25,Fire,Dodge,Light,10,3,1,10,3,Dancing_Anim,,,,,,,,0,,0,,0,
26,Fire,Dodge,Run+Light,10,4,1,10,4,Dancing_Anim,,,,,,,,0,,0,,0,
27,Fire,Dodge,Env+Light,10,5,1,10,5,Magic_Heal_High_Anim,,,,,,,,0,,0,,0,
28,Fire,Dodge,Heavy,10,6,1,10,6,Cross_High_Still_Anim,,,,,,,,0,,0,,0,
29,Fire,Dodge,Heavy,10,7,1,10,7,Standing_2H_Magic_Attack_04_Anim,,,,,,,,0,,0,,0,
30,Fire,Dodge,Heavy,10,8,1,10,8,Sidekick_Jump_Spin_C_cut_Anim,,,,,,,,0,,0,,0,
31,Fire,Dodge,Heavy,10,9,1,10,9,Dancing_Anim,,,,,,,,0,,0,,0,
32,Fire,Dodge,Run+Heavy,10,10,1,10,10,Dancing_Anim,,,,,,,,0,,0,,0,
33,Fire,Dodge,INVALID,10,11,1,10,11,Dancing_Anim,,,,,,,,0,,0,,0,
34,Fire,Dodge,Area,10,12,1,10,12,Standing_Melee_Attack_360_High_C_fixed_cut_Anim,,,,,,,,0,,0,,0,
35,Fire,Dodge,Area,10,13,1,10,13,Flair_Complete,,,,,,,,0,,0,,0,
36,Fire,Dodge,Area,10,14,1,10,14,Thrust_Slash_Anim,,,,,,,,0,,0,,0,
37,Fire,Dodge,Area,10,15,1,10,15,Dancing_Anim,,,,,,,,0,,0,,0,
38,Fire,Dodge,Run+Area,10,16,1,10,16,Dancing_Anim,,,,,,,,0,,0,,0,
39,Fire,Dodge,Env+Area,10,17,1,10,17,Standing_Melee_Attack_Kick_Ver__2_Anim,,,,,,,,0,,0,,0,
40,Fire,Dodge,Throw,10,18,1,10,18,Dancing_Anim,,,,,,,,0,,0,,0,
41,Fire,Dodge,Block,10,19,1,10,19,Spell_Casting_Anim,,,,,,,,0,,0,,0,
42,Fire,Block,Light,11,0,1,11,0,Jab_Cross_Anim,,,,,,,,0,,0,,0,
43,Fire,Block,Light,11,1,1,11,1,Roundhouse_Anim,,,,,,,,0,,0,,0,
44,Fire,Block,Light,11,2,1,11,2,Fireball_Anim,,,,,,,,0,,0,,0,
45,Fire,Block,Light,11,3,1,11,3,Dancing_Anim,,,,,,,,0,,0,,0,
46,Fire,Block,Run+Light,11,4,1,11,4,Dancing_Anim,,,,,,,,0,,0,,0,
47,Fire,Block,Env+Light,11,5,1,11,5,Magic_Heal_High_Anim,,,,,,,,0,,0,,0,
48,Fire,Block,Heavy,11,6,1,11,6,Cross_High_Still_Anim,,,,,,,,0,,0,,0,
49,Fire,Block,Heavy,11,7,1,11,7,Standing_2H_Magic_Attack_04_Anim,,,,,,,,0,,0,,0,
50,Fire,Block,Heavy,11,8,1,11,8,Sidekick_Jump_Spin_C_cut_Anim,,,,,,,,0,,0,,0,
51,Fire,Block,Heavy,11,9,1,11,9,Dancing_Anim,,,,,,,,0,,0,,0,
52,Fire,Block,Run+Heavy,11,10,1,11,10,Dancing_Anim,,,,,,,,0,,0,,0,
53,Fire,Block,INVALID,11,11,1,11,11,Dancing_Anim,,,,,,,,0,,0,,0,
54,Fire,Block,Area,11,12,1,11,12,Standing_Melee_Attack_360_High_C_fixed_cut_Anim,,,,,,,,0,,0,,0,
55,Fire,Block,Area,11,13,1,11,13,Flair_Complete,,,,,,,,0,,0,,0,
56,Fire,Block,Area,11,14,1,11,14,Thrust_Slash_Anim,,,,,,,,0,,0,,0,
57,Fire,Block,Area,11,15,1,11,15,Dancing_Anim,,,,,,,,0,,0,,0,
58,Fire,Block,Run+Area,11,16,1,11,16,Dancing_Anim,,,,,,,,0,,0,,0,
59,Fire,Block,Env+Area,11,17,1,11,17,Standing_Melee_Attack_Kick_Ver__2_Anim,,,,,,,,0,,0,,0,
60,Fire,Block,Throw,11,18,1,11,18,Dancing_Anim,,,,,,,,0,,0,,0,
61,Fire,Block,Block,11,19,1,11,19,Spell_Casting_Anim,,,,,,,,0,,0,,0,
62,Fire,Far,Light,12,0,A,13,0,A_combo_02_4_G,punch,30,1,Fire_Bending30_Raise_Fireballs_Hands,Fireballs in hands,left hand,,0,,0,,0,
63,Fire,Far,Light,12,0,B,13,0,A_combo_02_4_G,punch,35,1,Fire_Bending35_fireflash_sparks,sparks,,,0,,0,,0,
64,Fire,Far,Light,12,0,C,13,0,A_combo_02_4_G,punch,35,1,Fire_Bending35_fireflash_sparks,sparks,,,19,fire_ball_19,0,,0,
65,Fire,Far,Light,12,0,1,13,0,A_combo_02_4_G,punch,6,1,Fire_Bending6_fireball,fireball,"straight, left",,20,fire_ball_20,0,,0,
66,Fire,Far,Light,12,0,2,13,0,A_combo_02_4_G,punch,6,2,Fire_Bending6_fireball,fireball,"straight, left, faster",,0,,0,,0,
67,Fire,Far,Light,12,1,A,13,1,A_kick_05_1_T,"hook kick, roundhouse",31,1,Fire_Bending31_Raise_Fireballs_Feet,Fireballs in feet,right foot,,8,fire_whoosh_short_8,0,,0,
68,Fire,Far,Light,12,1,1,13,1,A_kick_05_1_T,"hook kick, roundhouse",15,1,Fire_Bending15_horz_slice_l2r,horz slice,"left2right, middle",,9,fire_whoosh_short_9,0,,0,
69,Fire,Far,Light,12,1,2,13,1,A_kick_05_1_T,"hook kick, roundhouse",16,1,Fire_Bending16_horz_slice_r2l,horz slice,right2left,,0,,0,,0,
70,Fire,Far,Light,12,2,A,13,2,A_PunchBody_R_M_F,right reverse punch,30,3,Fire_Bending30_Raise_Fireballs_Hands,Fireballs in hands,right hand,,0,,0,,0,
71,Fire,Far,Light,12,2,B,13,2,A_PunchBody_R_M_F,right reverse punch,36,1,Fire_Bending36_fireflash_rings,rings,,,7,fire_whoosh_7,0,,0,
72,Fire,Far,Light,12,2,1,13,2,A_PunchBody_R_M_F,right reverse punch,7,1,Fire_Bending7_firehelix,fire double helix,,,0,,0,,0,
73,Fire,Far,Light,12,3,1,13,3,Dancing_Anim,,,,,,,,0,,0,,0,
74,Fire,Far,Run+Light,12,4,A,13,4,attacks_Jump_kick02_m,jump roundhouse kick,31,4,Fire_Bending31_Raise_Fireballs_Feet,Fireballs in feet,left foot long duration,,19,fire_ball_19,0,,0,
75,Fire,Far,Run+Light,12,4,1,13,4,attacks_Jump_kick02_m,jump roundhouse kick,6,3,Fire_Bending6_fireball,fireball,"straight, high, big",,0,,0,,0,
76,Fire,Far,Env+Light,12,5,1,13,5,Magic_Heal_High_Anim,"step forward, raise front arm",,,,firewall,,,0,,0,,0,
77,Fire,Far,Heavy,12,6,A,13,6,Standing_2H_Magic_Attack_03_Anim,both arms shoot forward,30,2,Fire_Bending30_Raise_Fireballs_Hands,Fireballs in hands,both hands,,0,,0,,0,
78,Fire,Far,Heavy,12,6,B,13,6,Standing_2H_Magic_Attack_03_Anim,both arms shoot forward,36,2,Fire_Bending36_fireflash_rings,rings,,,0,,0,,0,
79,Fire,Far,Heavy,12,6,C,13,6,Standing_2H_Magic_Attack_03_Anim,both arms shoot forward,36,3,Fire_Bending36_fireflash_rings,rings,,,14,fire_multi_hit_14,0,,0,
80,Fire,Far,Heavy,12,6,1,13,6,Standing_2H_Magic_Attack_03_Anim,both arms shoot forward,11,2,Fire_Bending11_flamethrower,sustained fire,left side,,0,,0,,0,
81,Fire,Far,Heavy,12,6,2,13,6,Standing_2H_Magic_Attack_03_Anim,both arms shoot forward,11,3,Fire_Bending11_flamethrower,sustained fire,right side,,0,,0,,0,
82,Fire,Far,Heavy,12,7,A,13,7,Monk__Anim_Monk_attack5,step back wheel kick,31,2,Fire_Bending31_Raise_Fireballs_Feet,Fireballs in feet,both feet,,12,fire_whoosh_ext_12,0,,0,
83,Fire,Far,Heavy,12,7,1,13,7,Monk__Anim_Monk_attack5,step back wheel kick,18,1,Fire_Bending18_firewheel_vert,fire wheel,vertical wheel,,11,fire_whoosh_ext_11,0,,0,
84,Fire,Far,Heavy,12,7,2,13,7,Monk__Anim_Monk_attack5,step back wheel kick,18,1,Fire_Bending18_firewheel_vert,fire wheel,vertical wheel,,0,,0,,0,
85,Fire,Far,Heavy,12,8,A,13,8,A_kick_07_2_T,jump spin axe kick,31,3,Fire_Bending31_Raise_Fireballs_Feet,Fireballs in feet,right foot long duration,,11,fire_whoosh_ext_11,0,,0,
86,Fire,Far,Heavy,12,8,1,13,8,A_kick_07_2_T,jump spin axe kick,18,2,Fire_Bending18_firewheel_vert,fire wheel,vertical wheel,,0,,0,,0,
87,Fire,Far,Heavy,12,9,1,13,9,Dancing_Anim,,,,,,,,0,,0,,0,
88,Fire,Far,Run+Heavy,12,10,A,13,10,A_combo_02_01_cut_J,"jump, turn, downward side kick, side kick",31,4,Fire_Bending31_Raise_Fireballs_Feet,Fireballs in feet,left foot long duration,,20,fire_ball_20,0,,0,
89,Fire,Far,Run+Heavy,12,10,1,13,10,A_combo_02_01_cut_J,"jump, turn, downward side kick, side kick",6,3,Fire_Bending6_fireball,fireball,"diagonal, downwards towards opponent",maybe more suitable to an earth bending jump kick,0,,0,,0,
90,Fire,Far,INVALID,12,11,1,13,11,Dancing_Anim,,,,,,,,0,,0,,0,
91,Fire,Far,Area,12,12,A,13,12,A_combo_02_1_T,roundhouse,31,5,Fire_Bending31_Raise_Fireballs_Feet,Fireballs in feet,right foot short duration,,8,fire_whoosh_short_8,0,,0,
92,Fire,Far,Area,12,12,1,13,12,A_combo_02_1_T,roundhouse,16,1,Fire_Bending16_horz_slice_r2l,horz slice,right2left,,0,,0,,0,
93,Fire,Far,Area,12,13,A,13,13,Thrust_Slash_Anim,"step, stab, slash",30,4,Fire_Bending30_Raise_Fireballs_Hands,Fireballs in hands,right hand long duration,,20,fire_ball_20,0,,0,
94,Fire,Far,Area,12,13,1,13,13,Thrust_Slash_Anim,"step, stab, slash",6,5,Fire_Bending6_fireball,fireball,right side,,9,fire_whoosh_short_9,0,,0,
95,Fire,Far,Area,12,13,2,13,13,Thrust_Slash_Anim,"step, stab, slash",15,2,Fire_Bending15_horz_slice_l2r,horiz slice,"left2right, smaller",,0,,0,,0,
96,Fire,Far,Area,12,14,A,13,14,A_kick_03_2_T,back spin roundhouse kick,31,4,Fire_Bending31_Raise_Fireballs_Feet,Fireballs in feet,left foot long duration,,0,,0,,0,
97,Fire,Far,Area,12,14,B,13,14,A_kick_03_2_T,back spin roundhouse kick,35,2,Fire_Bending35_fireflash_sparks,sparks,,,20,fire_ball_20,0,,0,
98,Fire,Far,Area,12,14,1,13,14,A_kick_03_2_T,back spin roundhouse kick,7,2,Fire_Bending7_firehelix,fire double helix,"straight, high, big",,0,,0,,0,
99,Fire,Far,Area,12,15,1,13,15,Dancing_Anim,,,,,,,,0,,0,,0,
100,Fire,Far,Run+Area,12,16,A,13,16,A_Tornado540_R_F,"step, jump spin roundhouse kick",31,6,Fire_Bending31_Raise_Fireballs_Feet,Fireballs in feet,right foot long duration,,12,fire_whoosh_ext_12,0,,0,
101,Fire,Far,Run+Area,12,16,1,13,16,A_Tornado540_R_F,"step, jump spin roundhouse kick",17,2,Fire_Bending17_firewheel_horz,fire wheel,horizonal,,0,,0,,0,
102,Fire,Far,Env+Area,12,17,1,13,17,Dancing_Anim,,,,,,,,0,,0,,0,
103,Fire,Far,Throw,12,18,1,13,18,Dancing_Anim,,,,,,,,0,,0,,0,
104,Fire,Far,Block,12,19,1,13,19,Spell_Casting_Anim,"step, arm circles",3,1,Fire_Bending_Block3,sphere of fire,,,0,,0,,0,
105,Fire,Far,UNUSED ATTACK,12,20,UNUSED ATTACK,12,20,A_combo_02_G,hook,UNUSED ATTACK,,Fire_Bending15_horz_slice_l2r,horz slice,"left2right, smaller",,0,,0,,0,
106,Fire,Far,UNUSED ATTACK,12,20,UNUSED ATTACK,12,20,A_combo_02_G,jab,UNUSED ATTACK,,Fire_Bending6_fireball,fireball,"straight, left",,0,,0,,0,
107,Fire,Far,UNUSED ATTACK,12,20,UNUSED ATTACK,12,20,A_combo_02_G,hook,UNUSED ATTACK,,Fire_Bending16_horz_slice_r2l,horz slice,"right2left, smaller",,0,,0,,0,
108,Fire,Far,UNUSED ATTACK,12,20,UNUSED ATTACK,12,20,A_combo_02_G,punch,UNUSED ATTACK,,Fire_Bending6_fireball,fireball,"straight, left",,0,,0,,0,
109,Fire,Far,UNUSED ATTACK,12,20,UNUSED ATTACK,12,20,A_combo_02_G,punch,UNUSED ATTACK,,Fire_Bending6_fireball,fireball,"straight, left, faster",,0,,0,,0,
110,Fire,Far,UNUSED ATTACK,14,21,UNUSED ATTACK,14,21,Monk__Anim_Monk_attack4,"backhand palm strike, front hand bear claw swipe, both hands palm strike",UNUSED ATTACK,,Fire_Bending6_fireball,fireball,straight,,0,,0,,0,
111,Fire,Far,UNUSED ATTACK,14,21,UNUSED ATTACK,14,21,Monk__Anim_Monk_attack4,"backhand palm strike, front hand bear claw swipe, both hands palm strike",UNUSED ATTACK,,Fire_Bending13_down_slice,vertical slice,upleft2downright,,0,,0,,0,
112,Fire,Far,UNUSED ATTACK,14,21,UNUSED ATTACK,14,21,Monk__Anim_Monk_attack4,"backhand palm strike, front hand bear claw swipe, both hands palm strike",UNUSED ATTACK,,Fire_Bending11_flamethrower,sustained fire,center medium burst,,0,,0,,0,
113,Fire,Medium,Light,13,0,A,13,0,Volume1_Downkick_L_m,front sweep,31,4,Fire_Bending31_Raise_Fireballs_Feet,Fireballs in feet,left foot long duration,,8,fire_whoosh_short_8,0,,0,
114,Fire,Medium,Light,13,0,1,13,0,Volume1_Downkick_L_m,front sweep,16,3,Fire_Bending16_horz_slice_r2l,horz slice,"right2left, low",Sweep,0,,0,,0,
115,Fire,Medium,Light,13,1,A,13,1,Volume1_jab_cross_m,jab cross,30,1,Fire_Bending30_Raise_Fireballs_Hands,Fireballs in hands,left hand,,19,fire_ball_19,0,,0,
116,Fire,Medium,Light,13,1,1,13,1,Volume1_jab_cross_m,jab cross,6,1,Fire_Bending6_fireball,fireball,straight,,0,,0,,0,
117,Fire,Medium,Light,13,1,B,13,1,Volume1_jab_cross_m,jab cross,30,3,Fire_Bending30_Raise_Fireballs_Hands,Fireballs in hands,right hand,,20,fire_ball_20,0,,0,
118,Fire,Medium,Light,13,1,2,13,1,Volume1_jab_cross_m,jab cross,6,5,Fire_Bending6_fireball,fireball,"straight, right",,0,,0,,0,
119,Fire,Medium,Light,13,2,A,13,2,A_kick_03_1_T,"crescent kick, roundhouse",31,1,Fire_Bending31_Raise_Fireballs_Feet,Fireballs in feet,right foot,,9,fire_whoosh_short_9,0,,0,
120,Fire,Medium,Light,13,2,1,13,2,A_kick_03_1_T,"crescent kick, roundhouse",13,4,Fire_Bending13_down_slice,up slice,,,0,,0,,0,
121,Fire,Medium,Light,13,2,B,13,2,A_kick_03_1_T,"crescent kick, roundhouse",31,4,Fire_Bending31_Raise_Fireballs_Feet,Fireballs in feet,left foot long duration,,8,fire_whoosh_short_8,0,,0,
122,Fire,Medium,Light,13,2,2,13,2,A_kick_03_1_T,"crescent kick, roundhouse",15,1,Fire_Bending15_horz_slice_l2r,horiz slice,left2right,,0,,0,,0,
123,Fire,Medium,Light,13,3,1,13,3,Dancing_Anim,,,,,,,,0,,0,,0,
124,Fire,Medium,Run+Light,13,4,A,13,4,attacks_Jump_kick02_m,jump crescent kick,31,4,Fire_Bending31_Raise_Fireballs_Feet,Fireballs in feet,left foot long duration,,19,fire_ball_19,0,,0,
125,Fire,Medium,Run+Light,13,4,1,13,4,attacks_Jump_kick02_m,jump crescent kick,6,6,Fire_Bending6_fireball,fireball,hook right,,0,,0,,0,
126,Fire,Medium,Env+Light,13,5,1,13,5,Magic_Heal_High_Anim,"step forward, raise front arm",,,,,,,0,,0,,0,
127,Fire,Medium,Heavy,13,6,A,13,6,Cross_High_Still_Anim,hook,30,3,Fire_Bending30_Raise_Fireballs_Hands,Fireballs in hands,right hand,,20,fire_ball_20,0,,0,
128,Fire,Medium,Heavy,13,6,1,13,6,Cross_High_Still_Anim,hook,6,6,Fire_Bending6_fireball,fireball,hook right,,0,,0,,0,
129,Fire,Medium,Heavy,13,7,A,13,7,Standing_2H_Magic_Attack_04_Anim,"both arms forward, sustained",30,2,Fire_Bending30_Raise_Fireballs_Hands,Fireballs in hands,both hands,,14,fire_multi_hit_14,0,,0,
130,Fire,Medium,Heavy,13,7,1,13,7,Standing_2H_Magic_Attack_04_Anim,"both arms forward, sustained",11,1,Fire_Bending11_flamethrower,sustained fire,,,0,,0,,0,
131,Fire,Medium,Heavy,13,8,A,13,8,Quad_Punch_cut_Anim,jab cross jab cross,30,1,Fire_Bending30_Raise_Fireballs_Hands,Fireballs in hands,left hand,,0,,0,,0,
132,Fire,Medium,Heavy,13,8,B,13,8,Quad_Punch_cut_Anim,jab cross jab cross,30,3,Fire_Bending30_Raise_Fireballs_Hands,Fireballs in hands,right hand,,19,fire_ball_19,0,,0,
133,Fire,Medium,Heavy,13,8,1,13,8,Quad_Punch_cut_Anim,jab cross jab cross,6,1,Fire_Bending6_fireball,fireball,"straight, left",,19,fire_ball_19,0,,0,
134,Fire,Medium,Heavy,13,8,2,13,8,Quad_Punch_cut_Anim,jab cross jab cross,6,5,Fire_Bending6_fireball,fireball,"straight, right",,19,fire_ball_19,0,,0,
135,Fire,Medium,Heavy,13,8,3,13,8,Quad_Punch_cut_Anim,jab cross jab cross,6,7,Fire_Bending6_fireball,fireball,"straight, left",,20,fire_ball_20,0,,0,
136,Fire,Medium,Heavy,13,8,4,13,8,Quad_Punch_cut_Anim,jab cross jab cross,6,8,Fire_Bending6_fireball,fireball,"straight, right",,0,,0,,0,
137,Fire,Medium,Heavy,13,9,1,13,9,Dancing_Anim,,,,,,,,0,,0,,0,
138,Fire,Medium,Run+Heavy,13,10,A,13,10,A_Round_Kick_Jump_F,"jump, backspin hook kick",31,8,Fire_Bending31_Raise_Fireballs_Feet,Fireballs in feet,right foot,,11,fire_whoosh_ext_11,0,,0,
139,Fire,Medium,Run+Heavy,13,10,1,13,10,A_Round_Kick_Jump_F,"jump, backspin hook kick",17,1,Fire_Bending17_firewheel_horz,fire wheel,horizonal,,0,,0,,0,
140,Fire,Medium,INVALID,13,11,1,13,11,Dancing_Anim,,,,,,,,0,,0,,0,
141,Fire,Medium,Area,13,12,A,13,12,A_combo_02_3_G,front hand sword slash,30,1,Fire_Bending30_Raise_Fireballs_Hands,Fireballs in hands,left hand,,13,fire_whoosh_ext_13,0,,0,
142,Fire,Medium,Area,13,12,1,13,12,A_combo_02_3_G,front hand sword slash,17,1,Fire_Bending17_firewheel_horz,fire wheel,horizonal,,0,,0,,0,
143,Fire,Medium,Area,13,13,A,13,13,A_combo_02_2_T,side kick,31,6,Fire_Bending31_Raise_Fireballs_Feet,Fireballs in feet,left foot short duration,,21,fire_whoosh_ext_21,0,,0,
144,Fire,Medium,Area,13,13,1,13,13,A_combo_02_2_T,side kick,11,5,Fire_Bending11_flamethrower,sustained fire,,,0,,0,,0,
145,Fire,Medium,Area,13,14,A,13,14,A_combo_2_C,"half flair, roundhouse",31,7,Fire_Bending31_Raise_Fireballs_Feet,Fireballs in feet,both feet,,0,,0,,0,
146,Fire,Medium,Area,13,14,B,13,14,A_combo_2_C,"half flair, roundhouse",31,3,Fire_Bending31_Raise_Fireballs_Feet,Fireballs in feet,right foot long duration,,8,fire_whoosh_short_8,0,,0,
147,Fire,Medium,Area,13,14,1,13,14,A_combo_2_C,"half flair, roundhouse",16,3,Fire_Bending16_horz_slice_r2l,horz slice,right2left,Sweep,9,fire_whoosh_short_9,0,,0,
148,Fire,Medium,Area,13,14,2,13,14,A_combo_2_C,"half flair, roundhouse",16,3,Fire_Bending16_horz_slice_r2l,horz slice,right2left,,20,fire_ball_20,0,,0,
149,Fire,Medium,Area,13,14,3,13,14,A_combo_2_C,"half flair, roundhouse",6,4,Fire_Bending6_fireball,large fireball,straight,,0,,0,,0,
150,Fire,Medium,Area,13,15,1,13,15,Dancing_Anim,,,,,,,,0,,0,,0,
151,Fire,Medium,Run+Area,13,16,A,13,16,A_kick_03_2_T,"step, jump roundhouse",31,4,Fire_Bending31_Raise_Fireballs_Feet,Fireballs in feet,left foot long duration,,11,fire_whoosh_ext_11,0,,0,
152,Fire,Medium,Run+Area,13,16,1,13,16,A_kick_03_2_T,"step, jump roundhouse",17,1,Fire_Bending17_firewheel_horz,fire wheel,horizonal,,0,,0,,0,
153,Fire,Medium,Env+Area,13,17,1,13,17,Dancing_Anim,,,,,,,,0,,0,,0,
154,Fire,Medium,Throw,13,18,1,13,18,Dancing_Anim,,,,,,,,0,,0,,0,
155,Fire,Medium,Block,13,19,1,13,19,Spell_Casting_Anim,"step, arm circles",3,1,Fire_Bending_Block3,sphere of fire,,,0,,0,,0,
156,Fire,Medium,UNUSED ATTACK,13,21,UNUSED ATTACK,13,21,Jab_Cross_Anim,jab cross,UNUSED ATTACK,,Fire_Bending6_fireball,fireball,straight,,0,,0,,0,
157,Fire,Medium,UNUSED ATTACK,13,21,UNUSED ATTACK,13,21,Jab_Cross_Anim,jab cross,UNUSED ATTACK,,Fire_Bending6_fireball,fireball,straight,,0,,0,,0,
158,Fire,Medium,UNUSED ATTACK,13,22,UNUSED ATTACK,13,22,Fireball_Anim,"both arms start from hip, move to front",UNUSED ATTACK,,Fire_Bending11_flamethrower,sustained fire,,,0,,0,,0,
159,Fire,Medium,UNUSED ATTACK,13,23,UNUSED ATTACK,13,23,A_combo_02_T,"roundhouse, side kick, axe kick",UNUSED ATTACK,,Fire_Bending15_horz_slice_l2r,horiz slice,left2right,,0,,0,,0,
160,Fire,Medium,UNUSED ATTACK,13,23,UNUSED ATTACK,13,23,A_combo_02_T,"roundhouse, side kick, axe kick",UNUSED ATTACK,,Fire_Bending6_fireball,fireball,"straight, faster",,0,,0,,0,
161,Fire,Medium,UNUSED ATTACK,13,23,UNUSED ATTACK,13,23,A_combo_02_T,"roundhouse, side kick, axe kick",UNUSED ATTACK,,Fire_Bending10_vert_slice,vertical blast,,,0,,0,,0,
162,Fire,Medium,UNUSED ATTACK,13,23,UNUSED ATTACK,13,23,A_combo_02_T,"roundhouse, side kick, axe kick",UNUSED ATTACK,,Fire_Bending10_vert_slice,vertical blast,,,0,,0,,0,
163,Fire,Close,Light,14,0,A,13,0,Jab_Cross_Lunge_cut_Anim,"lunge jab, cross",30,5,Fire_Bending30_Raise_Fireballs_Hands,Fireballs in hands,left hand,,0,,0,,0,
164,Fire,Close,Light,14,0,B,13,0,Jab_Cross_Lunge_cut_Anim,"lunge jab, cross",30,6,Fire_Bending30_Raise_Fireballs_Hands,Fireballs in hands,left hand,,21,fire_whoosh_ext_21,0,,0,
165,Fire,Close,Light,14,0,1,13,0,Jab_Cross_Lunge_cut_Anim,"lunge jab, cross",11,4,Fire_Bending11_flamethrower,sustained fire,left short burst,,22,fire_whoosh_ext_22,0,,0,
166,Fire,Close,Light,14,0,2,13,0,Jab_Cross_Lunge_cut_Anim,"lunge jab, cross",11,5,Fire_Bending11_flamethrower,sustained fire,right short burst,,0,,0,,0,
167,Fire,Close,Light,14,1,A,13,1,attacks_Lower_kick2_m,crouched back sweep,31,5,Fire_Bending31_Raise_Fireballs_Feet,Fireballs in feet,right foot long duration,,8,fire_whoosh_short_8,0,,0,
168,Fire,Close,Light,14,1,1,13,1,attacks_Lower_kick2_m,crouched back sweep,15,3,Fire_Bending15_horz_slice_l2r,horiz slice,left2right,Sweep,0,,0,,0,
169,Fire,Close,Light,14,2,A,13,2,A_kick_02_T,"low roundhouse, step, axe kick",31,5,Fire_Bending31_Raise_Fireballs_Feet,Fireballs in feet,right foot,,0,,0,,0,
170,Fire,Close,Light,14,2,B,13,2,A_kick_02_T,"low roundhouse, step, axe kick",31,4,Fire_Bending31_Raise_Fireballs_Feet,Fireballs in feet,left foot long duration,,10,fire_whoosh_short_10,0,,0,
171,Fire,Close,Light,14,2,1,13,2,A_kick_02_T,"low roundhouse, step, axe kick",14,1,Fire_Bending14_small_fan,low fan,,,8,fire_whoosh_short_8,0,,0,
172,Fire,Close,Light,14,2,2,13,2,A_kick_02_T,"low roundhouse, step, axe kick",13,2,Fire_Bending13_down_slice,vertical slice,upright2downleft,this could also work for earth bending,0,,0,,0,
173,Fire,Close,Light,14,3,1,13,3,Dancing_Anim,,,,,,,,0,,0,,0,
174,Fire,Close,Run+Light,14,4,A,13,4,A_combo_02_4_G,"crouch, step forward, hook",30,1,Fire_Bending30_Raise_Fireballs_Hands,Fireballs in hands,left hand,,20,fire_ball_20,0,,0,
175,Fire,Close,Run+Light,14,4,1,13,4,A_combo_02_4_G,"crouch, step forward, hook",6,1,Fire_Bending6_fireball,fireball,straight,,10,fire_whoosh_short_10,0,,0,
176,Fire,Close,Run+Light,14,4,2,13,4,A_combo_02_4_G,"crouch, step forward, hook",15,2,Fire_Bending15_horz_slice_l2r,horiz slice,"small, left2right",,0,,0,,0,
177,Fire,Close,Env+Light,14,5,1,13,5,Magic_Heal_High_Anim,"step forward, raise front arm",,,,firewall,,,0,,0,,0,
178,Fire,Close,Env+Light,14,5,2,13,5,Magic_Heal_High_Anim,"step forward, raise front arm",,,,firewall,,,0,,0,,0,
179,Fire,Close,Heavy,14,6,A,13,6,Fireball_Anim,fireball from hip,30,7,Fire_Bending30_Raise_Fireballs_Hands,Fireballs in hands,both hands,,20,fire_ball_20,0,,0,
180,Fire,Close,Heavy,14,6,1,13,6,Fireball_Anim,fireball from hip,6,9,Fire_Bending6_fireball,fireball,big fireball short range,,0,,0,,0,
181,Fire,Close,Heavy,14,7,A,13,7,A_LowKick_L_F,step forward low kick,31,6,Fire_Bending31_Raise_Fireballs_Feet,Fireballs in feet,left foot,,10,fire_whoosh_short_10,0,,0,
182,Fire,Close,Heavy,14,7,1,13,7,A_LowKick_L_F,step forward low kick,14,1,Fire_Bending14_small_fan,low fan,,,0,,0,,0,
183,Fire,Close,Heavy,14,8,A,13,8,Flying_Kick_Anim,jump sidekick,31,6,Fire_Bending31_Raise_Fireballs_Feet,Fireballs in feet,left foot long duration,,21,fire_whoosh_ext_21,0,,0,
184,Fire,Close,Heavy,14,8,1,13,8,Flying_Kick_Anim,jump sidekick,11,7,Fire_Bending11_flamethrower,sustained fire,center medium burst,,0,,0,,0,
185,Fire,Close,Heavy,14,9,1,13,9,Dancing_Anim,,,,,,,,0,,0,,0,
186,Fire,Close,Run+Heavy,14,10,A,13,10,A_kick_04_3_T,"jump, spin, crescent kick",31,3,Fire_Bending31_Raise_Fireballs_Feet,Fireballs in feet,right foot long duration,,12,fire_whoosh_ext_12,0,,0,
187,Fire,Close,Run+Heavy,14,10,1,13,10,A_kick_04_3_T,"jump, spin, crescent kick",18,3,Fire_Bending18_firewheel_vert,fire wheel,vertical wheel,,0,,0,,0,
188,Fire,Close,INVALID,14,11,1,13,11,Dancing_Anim,,,,,,,,0,,0,,0,
189,Fire,Close,Area,14,12,A,13,12,A_combo_02_3_T,axe kick,31,3,Fire_Bending31_Raise_Fireballs_Feet,Fireballs in feet,right foot long duration,,10,fire_whoosh_short_10,0,,0,
190,Fire,Close,Area,14,12,1,13,12,A_combo_02_3_T,axe kick,13,4,Fire_Bending13_down_slice,up slice,,,10,fire_whoosh_short_10,0,,0,
191,Fire,Close,Area,14,12,2,13,12,A_combo_02_3_T,axe kick,13,1,Fire_Bending13_down_slice,down slice,,Ground Launch,0,,0,,0,
192,Fire,Close,Area,14,13,A,13,13,Thrust_Slash_Anim,"step, stab, slash",30,4,Fire_Bending30_Raise_Fireballs_Hands,Fireballs in hands,right hand long duration,,19,fire_ball_19,0,,0,
193,Fire,Close,Area,14,13,1,13,13,Thrust_Slash_Anim,"step, stab, slash",6,1,Fire_Bending6_fireball,fireball,,,8,fire_whoosh_short_8,0,,0,
194,Fire,Close,Area,14,13,2,13,13,Thrust_Slash_Anim,"step, stab, slash",15,1,Fire_Bending15_horz_slice_l2r,horiz slice,left2right,,0,,0,,0,
195,Fire,Close,Area,14,14,A,13,14,Flair_Complete,flair,31,9,Fire_Bending31_Raise_Fireballs_Feet,Fireballs in feet,both feet,,0,,0,,0,
196,Fire,Close,Area,14,14,1,13,14,Flair_Complete,flair,8,1,Fire_Bending8_circle,circle,,,0,,0,,0,
197,Fire,Close,Area,14,14,2,13,14,Flair_Complete,flair,8,1,Fire_Bending8_circle,circle,,,0,,0,,0,
198,Fire,Close,Area,14,15,1,13,15,Dancing_Anim,,,,,,,,0,,0,,0,
199,Fire,Close,Run+Area,14,16,A,13,16,A_combo_01_1_G,"jump, stomp, back leg sweep",31,4,Fire_Bending31_Raise_Fireballs_Feet,Fireballs in feet,left foot long duration,,9,fire_whoosh_short_9,0,,0,
200,Fire,Close,Run+Area,14,16,1,13,16,A_combo_01_1_G,"jump, stomp, back leg sweep",16,3,Fire_Bending16_horz_slice_r2l,horz slice,right2left low close,,0,,0,,0,
201,Fire,Close,Env+Area,14,17,1,13,17,Dancing_Anim,,,,,,,,0,,0,,0,
202,Fire,Close,Throw,14,18,1,13,18,Dancing_Anim,,,,,,,,0,,0,,0,
203,Fire,Close,Block,14,19,1,13,19,Spell_Casting_Anim,"step, arm circles",3,1,Fire_Bending_Block3,sphere of fire,,,0,,0,,0,
204,Fire,Close,UNUSED ATTACK,14,21,UNUSED ATTACK,14,21,Hook_High_Still_Anim,hook,UNUSED ATTACK,,Fire_Bending6_fireball,fireball,hooked,,0,,0,,0,
205,Fire,Close,UNUSED ATTACK,14,22,UNUSED ATTACK,14,22,Flair_Complete,flair,UNUSED ATTACK,,Fire_Bending8_circle,circle,,,0,,0,,0,
206,Fire,Close,UNUSED ATTACK,14,22,UNUSED ATTACK,14,22,Flair_Complete,flair,UNUSED ATTACK,,Fire_Bending8_circle,circle,,,0,,0,,0,
207,Earth,Dodge,Light,18,0,1,18,0,Uppercut_Lead_Lunge_Anim,,,,,,,,0,,0,,0,
208,Earth,Dodge,Light,18,1,1,18,1,Reverse_Punch_Low_Still_Anim,,,,,,,,0,,0,,0,
209,Earth,Dodge,Light,18,2,1,18,2,Roundhouse_Anim,,,,,,,,0,,0,,0,
210,Earth,Dodge,Light,18,2,2,18,2,Roundhouse_Anim,,,,,,,,0,,0,,0,
211,Earth,Dodge,Light,18,3,1,18,3,Dancing_Anim,,,,,,,,0,,0,,0,
212,Earth,Dodge,Run+Light,18,4,1,18,4,Back_Flip_Kick_Anim,,,,,,,,0,,0,,0,
213,Earth,Dodge,Env+Light,18,5,1,18,5,Magic_Heal_Low_Anim,,,,,,,,0,,0,,0,
214,Earth,Dodge,Heavy,18,6,1,18,6,Uppercut_Lead_Still_cut_Anim,,,,,,,,0,,0,,0,
215,Earth,Dodge,Heavy,18,7,1,18,7,Cross_Low_Still_Anim,,,,,,,,0,,0,,0,
216,Earth,Dodge,Heavy,18,8,1,18,8,Jab_Cross_Anim,jab cross,,,,,,,0,,0,,0,
217,Earth,Dodge,Heavy,18,8,2,18,8,Jab_Cross_Anim,jab cross,,,,,,,0,,0,,0,
218,Earth,Dodge,Heavy,18,9,1,18,9,Combo_03_1_D,,,,,,,,0,,0,,0,
219,Earth,Dodge,Run+Heavy,18,10,1,18,10,Dancing_Anim,,,,,,,,0,,0,,0,
220,Earth,Dodge,INVALID,18,11,1,18,11,Dancing_Anim,,,,,,,,0,,0,,0,
221,Earth,Dodge,Area,18,12,1,18,12,Standing_2H_Magic_Area_Attack_02_Anim,,,,,,,,0,,0,,0,
222,Earth,Dodge,Area,18,13,1,18,13,Leg_Sweep_Forward360_Extend_Anim,,,,,,,,0,,0,,0,
223,Earth,Dodge,Area,18,14,1,18,14,Dancing_Anim,,,,,,,,0,,0,,0,
224,Earth,Dodge,Area,18,15,1,18,15,Dancing_Anim,,,,,,,,0,,0,,0,
225,Earth,Dodge,Run+Area,18,16,1,18,16,Dancing_Anim,,,,,,,,0,,0,,0,
226,Earth,Dodge,Env+Area,18,17,1,18,17,Standing_Melee_Attack_360_Low_Anim,,,,,,,,0,,0,,0,
227,Earth,Dodge,Throw,18,18,1,18,18,Standing_1H_Magic_Attack_03_Anim,,,,,,,,0,,0,,0,
228,Earth,Dodge,Block,18,19,1,18,19,Body_Block_cut_Anim,,,,,,,,0,,0,,0,
229,Earth,Block,Light,19,0,1,19,0,Uppercut_Lead_Lunge_Anim,,,,,,,,0,,0,,0,
230,Earth,Block,Light,19,1,1,19,1,Reverse_Punch_Low_Still_Anim,,,,,,,,0,,0,,0,
231,Earth,Block,Light,19,2,1,19,2,Roundhouse_Anim,,,,,,,,0,,0,,0,
232,Earth,Block,Light,19,2,2,19,2,Roundhouse_Anim,,,,,,,,0,,0,,0,
233,Earth,Block,Light,19,3,1,19,3,Dancing_Anim,,,,,,,,0,,0,,0,
234,Earth,Block,Run+Light,19,4,1,19,4,Back_Flip_Kick_Anim,,,,,,,,0,,0,,0,
235,Earth,Block,Env+Light,19,5,1,19,5,Magic_Heal_Low_Anim,,,,,,,,0,,0,,0,
236,Earth,Block,Heavy,19,6,1,19,6,Uppercut_Lead_Still_cut_Anim,,,,,,,,0,,0,,0,
237,Earth,Block,Heavy,19,7,1,19,7,Cross_Low_Still_Anim,,,,,,,,0,,0,,0,
238,Earth,Block,Heavy,19,8,1,19,8,Jab_Cross_Anim,,,,,,,,0,,0,,0,
239,Earth,Block,Heavy,19,9,1,19,9,Combo_03_1_D,,,,,,,,0,,0,,0,
240,Earth,Block,Run+Heavy,19,10,1,19,10,Dancing_Anim,,,,,,,,0,,0,,0,
241,Earth,Block,INVALID,19,11,1,19,11,Dancing_Anim,,,,,,,,0,,0,,0,
242,Earth,Block,Area,19,12,1,19,12,Standing_2H_Magic_Area_Attack_02_Anim,,,,,,,,0,,0,,0,
243,Earth,Block,Area,19,13,1,19,13,Leg_Sweep_Forward360_Extend_Anim,,,,,,,,0,,0,,0,
244,Earth,Block,Area,19,14,1,19,14,Dancing_Anim,,,,,,,,0,,0,,0,
245,Earth,Block,Area,19,15,1,19,15,Dancing_Anim,,,,,,,,0,,0,,0,
246,Earth,Block,Run+Area,19,16,1,19,16,Dancing_Anim,,,,,,,,0,,0,,0,
247,Earth,Block,Env+Area,19,17,1,19,17,Standing_Melee_Attack_360_Low_Anim,,,,,,,,0,,0,,0,
248,Earth,Block,Throw,19,18,1,19,18,Standing_1H_Magic_Attack_03_Anim,,,,,,,,0,,0,,0,
249,Earth,Block,Block,19,19,1,19,19,Body_Block_cut_Anim,,,,,,,,0,,0,,0,
250,Earth,Block,UNUSED ATTACK,19,21,UNUSED ATTACK,19,21,Jab_Cross_Anim,,UNUSED ATTACK,,,,,,0,,0,,0,
251,Earth,Block,UNUSED ATTACK,19,22,UNUSED ATTACK,19,22,A_combo_02_1_T,,UNUSED ATTACK,,,,,,0,,0,,0,
252,Earth,Block,UNUSED ATTACK,19,22,UNUSED ATTACK,19,22,A_combo_02_1_T,,UNUSED ATTACK,,,,,,0,,0,,0,
253,Earth,Far,Light,20,0,A,21,0,A_atk_02_J,lunge,9,1,Earth_Bending_Attack9_rock_projectile_pre,,,Raise 2 rocks side by side,0,,0,,0,
254,Earth,Far,Light,20,0,1,21,0,A_atk_02_J,side kick,8,1,Earth_Bending_Attack8_rock_projectile,rock projectile,,"2 rocks side by side, 1 hit",0,,0,,0,
255,Earth,Far,Light,20,0,2,21,0,A_atk_02_J,step back wheel kick,11,1,Earth_Bending_Attack11_rock_projectile_comb,rock projectile,,"2 rocks side by side, the other hit",0,,0,,0,
256,Earth,Far,Light,20,1,A,21,1,attacks_punch_1_2_m,horse stance,9,1,Earth_Bending_Attack9_rock_projectile_pre,,,,0,,0,,0,
257,Earth,Far,Light,20,1,1,21,1,attacks_punch_1_2_m,punch,8,1,Earth_Bending_Attack8_rock_projectile,rock projectile,,large rock or wall or coin,0,,0,,0,
258,Earth,Far,Light,20,1,B,21,1,attacks_punch_1_2_m,"step, horse stance",,,,,,,0,,0,,0,
259,Earth,Far,Light,20,1,2,21,1,attacks_punch_1_2_m,punch,11,1,Earth_Bending_Attack11_rock_projectile_comb,rock projectile,,large rock or wall or coin,0,,0,,0,
260,Earth,Far,Light,20,2,A,21,2,attacks_combo6_m,elbow in horse stance,9,6,Earth_Bending_Attack9_rock_projectile_pre,,delete raise point,may be changed to follow up move instead,0,,0,,0,
261,Earth,Far,Light,20,2,1,21,2,attacks_combo6_m,wind up,8,1,Earth_Bending_Attack8_rock_projectile,rock projectile,delete strike point,may be changed to follow up move instead,0,,0,,0,
262,Earth,Far,Light,20,2,,21,2,attacks_combo6_m,cross,,,,,rock comes up,may be changed to follow up move instead,0,,0,,0,
263,Earth,Far,Light,20,2,2,21,2,attacks_combo6_m,step,11,6,Earth_Bending_Attack11_rock_projectile_comb,rock projectile,punch rock forward,may be changed to follow up move instead,0,,0,,0,
264,Earth,Far,Light,20,2,3,21,2,attacks_combo6_m,jump roundhouse kick,11,6,Earth_Bending_Attack11_rock_projectile_comb,rock projectile,kick rock forward,,0,,0,,0,
265,Earth,Far,Light,20,3,1,21,3,Dancing_Anim,,,,,,,,0,,0,,0,
266,Earth,Far,Run+Light,20,4,A,21,4,Back_Flip_Kick_Anim,kick,9,1,Earth_Bending_Attack9_rock_projectile_pre,,,rock comes up to waist,0,,0,,0,
267,Earth,Far,Run+Light,20,4,1,21,4,Back_Flip_Kick_Anim,backflip,8,1,Earth_Bending_Attack8_rock_projectile,rock projectile,,"rock shoots up, then lands on opponent's head",0,,0,,0,
268,Earth,Far,Env+Light,20,5,1,21,5,Magic_Heal_Low_Anim,step,20,1,Earth_Bending20_Env_rock,popup rock,,,0,,0,,0,
269,Earth,Far,Env+Light,20,5,2,21,5,Magic_Heal_Low_Anim,bring front arm forward,,,,,rain small pebbles on opponent,,0,,0,,0,
270,Earth,Far,Heavy,20,6,A,21,6,attacks_punch_1_2_m,horse stance,9,1,Earth_Bending_Attack9_rock_projectile_pre,,coin rolling,,0,,0,,0,
271,Earth,Far,Heavy,20,6,1,21,6,attacks_punch_1_2_m,punch,8,1,Earth_Bending_Attack8_rock_projectile,rock projectile,,replace with coin rolling,0,,0,,0,
272,Earth,Far,Heavy,20,6,B,21,6,attacks_punch_1_2_m,"step, horse stance",,,,,,,0,,0,,0,
273,Earth,Far,Heavy,20,6,2,21,6,attacks_punch_1_2_m,punch,11,1,Earth_Bending_Attack11_rock_projectile_comb,rock projectile,,,0,,0,,0,
274,Earth,Far,Heavy,20,7,A,21,7,A_SideKick_Havy_F,skip side kick,,,,,,,0,,0,,0,
275,Earth,Far,Heavy,20,7,1,21,7,A_SideKick_Havy_F,skip side kick,6,2,Earth_Bending_Attack6_trail_forward,earth trail,high,,0,,0,,0,
276,Earth,Far,Heavy,20,8,A,21,8,A_combo_01_2_T,"back hand is forward, retacts back",9,3,Earth_Bending_Attack9_rock_projectile_pre,,,,0,,0,,0,
277,Earth,Far,Heavy,20,8,1,21,8,A_combo_01_2_T,front hand shoots forward,8,3,Earth_Bending_Attack8_rock_projectile,rock projectile,fast spin,,0,,0,,0,
278,Earth,Far,Heavy,20,9,A,21,9,Monk__Anim_Monk_attack7,step forward,9,2,Earth_Bending_Attack9_rock_projectile_pre,,,,0,,0,,0,
279,Earth,Far,Heavy,20,9,1,21,9,Monk__Anim_Monk_attack7,front arm shoots out,8,2,Earth_Bending_Attack8_rock_projectile,rock projectile,slow spin ,,0,,0,,0,
280,Earth,Far,Run+Heavy,20,10,1,21,10,Combo_03_2_D,"jump, superman slam down with fists",7,1,Earth_Bending_Attack7_pillar_fan,pillar fan,,,0,,0,,0,
281,Earth,Far,INVALID,20,11,1,21,11,Dancing_Anim,,,,,,,,0,,0,,0,
282,Earth,Far,Area,20,12,1,21,12,Combo_03_1_D,slam hands to ground,7,1,Earth_Bending_Attack7_pillar_fan,pillar fan,"change this to heavy attack, affects one person",,0,,0,,0,
283,Earth,Far,Area,20,13,A,21,13,A_versus_02_1_T,palm strike,9,1,Earth_Bending_Attack9_rock_projectile_pre,,need to break this down OR multiple rocks going in diff directions,,0,,0,,0,
284,Earth,Far,Area,20,13,1,21,13,A_versus_02_1_T,side kick,8,1,Earth_Bending_Attack8_rock_projectile,rock projectile,need to break this down OR multiple rocks going in diff directions,,0,,0,,0,
285,Earth,Far,Area,20,13,B,21,13,A_versus_02_1_T,raise,,,,,,,0,,0,,0,
286,Earth,Far,Area,20,13,2,21,13,A_versus_02_1_T,high kick,11,1,Earth_Bending_Attack11_rock_projectile_comb,rock projectile,need to break this down OR multiple rocks going in diff directions,,0,,0,,0,
287,Earth,Far,Area,20,13,C,21,13,A_versus_02_1_T,raise,,,,,,,0,,0,,0,
288,Earth,Far,Area,20,13,3,21,13,A_versus_02_1_T,sweep,11,1,Earth_Bending_Attack11_rock_projectile_comb,rock projectile,need to break this down OR multiple rocks going in diff directions,,0,,0,,0,
289,Earth,Far,Area,20,13,D,21,13,A_versus_02_1_T,raise,,,,,,,0,,0,,0,
290,Earth,Far,Area,20,13,4,21,13,A_versus_02_1_T,roundhouse,11,1,Earth_Bending_Attack11_rock_projectile_comb,rock projectile,need to break this down OR multiple rocks going in diff directions,,0,,0,,0,
291,Earth,Far,Area,20,13,E,21,13,A_versus_02_1_T,raise,,,,,,,0,,0,,0,
292,Earth,Far,Area,20,13,5,21,13,A_versus_02_1_T,back hook kick,11,1,Earth_Bending_Attack11_rock_projectile_comb,rock projectile,need to break this down OR multiple rocks going in diff directions,,0,,0,,0,
293,Earth,Far,Area,20,14,A,20,14,A_combo_03_2_G,"step palm strike, front hand",,,,,,,0,,0,,0,
294,Earth,Far,Area,20,14,1,20,14,A_combo_03_2_G,"step palm strike, front hand",11,9,Earth_Bending_Attack11_rock_projectile_comb,rock projectile balistic,,,0,,0,,0,
295,Earth,Far,Area,20,15,1,21,15,Dancing_Anim,,,,,,,,0,,0,,0,
296,Earth,Far,Run+Area,20,16,1,21,16,Combo_03_1_D,slam hands to ground,7,1,Earth_Bending_Attack7_pillar_fan,pillar fan,,,0,,0,,0,
297,Earth,Far,Env+Area,20,17,1,21,17,Standing_Melee_Attack_360_Low_Anim,"turn, slice downward strike",,,,,"high to low strike, left to right",,0,,0,,0,
298,Earth,Far,Throw,20,18,1,21,18,Standing_1H_Magic_Attack_03_Anim,softball pitch with back hand,,,,,"toss rock into the air like a hand grenade, lands on opponent and explodes",,0,,0,,0,
299,Earth,Far,Block,20,19,1,21,19,Body_Block_cut_Anim,both arms raised in front of face to block,1,1,Earth_Bending1_Block,rock block cylces,,,0,,0,,0,
300,Earth,Far,UNUSED ATTACK,20,21,UNUSED ATTACK,20,21,Standing_2H_Magic_Area_Attack_02_Anim,arms come forward as if squeezing air in front,UNUSED ATTACK,,,,raise column,,0,,0,,0,
301,Earth,Far,UNUSED ATTACK,20,22,UNUSED ATTACK,20,22,Roundhouse_Anim,,UNUSED ATTACK,,,,,,0,,0,,0,
302,Earth,Far,UNUSED ATTACK,20,23,UNUSED ATTACK,20,23,Back_Flip_Kick_Anim,,UNUSED ATTACK,,,,,,0,,0,,0,
303,Earth,Medium,Light,21,0,A,21,0,A_combo_03_2_G,"step palm strike, front hand",,,,,,,0,,0,,0,
304,Earth,Medium,Light,21,0,1,21,0,A_combo_03_2_G,"step palm strike, front hand",6,1,Earth_Bending_Attack6_trail_forward,earth trail,low,,0,,0,,0,
305,Earth,Medium,Light,21,1,A,21,1,A_FrontKick_Jump_F,jump front push kick,,,,,,,0,,0,,0,
306,Earth,Medium,Light,21,1,1,21,1,A_FrontKick_Jump_F,jump front push kick,6,2,Earth_Bending_Attack6_trail_forward,earth trail,high,,0,,0,,0,
307,Earth,Medium,Light,21,2,A,21,2,attacks_combo7_cut2_m,"step, lunge jab(R), cross(L), upper cut(L)",9,6,Earth_Bending_Attack9_rock_projectile_pre,,,,0,,0,,0,
308,Earth,Medium,Light,21,2,1,21,2,attacks_combo7_cut2_m,"step, lunge jab(R), cross(L), upper cut(L)",8,1,Earth_Bending_Attack8_rock_projectile,rock projectile,,"3 small earth discs, like ice disc attack",0,,0,,0,
309,Earth,Medium,Light,21,2,2,21,2,attacks_combo7_cut2_m,"step, lunge jab(R), cross(L), upper cut(L)",11,6,Earth_Bending_Attack11_rock_projectile_comb,rock projectile,,"3 small earth discs, like ice disc attack",0,,0,,0,
310,Earth,Medium,Light,21,2,3,21,2,attacks_combo7_cut2_m,"step, lunge jab(R), cross(L), upper cut(L)",11,6,Earth_Bending_Attack11_rock_projectile_comb,rock projectile,,"too many attacks, drop the upper cut",0,,0,,0,
311,Earth,Medium,Light,21,3,1,21,3,Dancing_Anim,,,,,,,,0,,0,,0,
312,Earth,Medium,Run+Light,21,4,A,21,4,Back_Flip_Kick_Anim,kick,9,1,Earth_Bending_Attack9_rock_projectile_pre,,,rock comes up to waist,0,,0,,0,
313,Earth,Medium,Run+Light,21,4,1,21,4,Back_Flip_Kick_Anim,backflip,8,1,Earth_Bending_Attack8_rock_projectile,rock projectile,,"rock shoots up, then lands on opponent's head",0,,0,,0,
314,Earth,Medium,Env+Light,21,5,1,21,5,Magic_Heal_Low_Anim,step,20,1,Earth_Bending20_Env_rock,popup rock,,,0,,0,,0,
315,Earth,Medium,Env+Light,21,5,2,21,5,Magic_Heal_Low_Anim,bring front arm forward,,,,,,,0,,0,,0,
316,Earth,Medium,Heavy,21,6,A,21,6,A_combo_01_1_N,front side block,9,4,Earth_Bending_Attack9_rock_projectile_pre,,,,0,,0,,0,
317,Earth,Medium,Heavy,21,6,1,21,6,A_combo_01_1_N,reverse punch,8,4,Earth_Bending_Attack8_rock_projectile,rock projectile,big rock,,0,,0,,0,
318,Earth,Medium,Heavy,21,7,A,21,7,A_combo_01_2_G,"step forward, arm extended",,,,,,,0,,0,,0,
319,Earth,Medium,Heavy,21,7,1,21,7,A_combo_01_2_G,reverse punch,6,2,Earth_Bending_Attack6_trail_forward,earth trail,high,,0,,0,,0,
320,Earth,Medium,Heavy,21,8,A,21,8,A_versus_02_1_T,palm strike,9,1,Earth_Bending_Attack9_rock_projectile_pre,,,need to break this down OR multiple rocks going in diff directions,0,,0,,0,
321,Earth,Medium,Heavy,21,8,1,21,8,A_versus_02_1_T,side kick,8,1,Earth_Bending_Attack8_rock_projectile,rock projectile,,need to break this down OR multiple rocks going in diff directions,0,,0,,0,
322,Earth,Medium,Heavy,21,8,B,21,8,A_versus_02_1_T,raise,,,,,,,0,,0,,0,
323,Earth,Medium,Heavy,21,8,2,21,8,A_versus_02_1_T,high kick,11,1,Earth_Bending_Attack11_rock_projectile_comb,rock projectile,,need to break this down OR multiple rocks going in diff directions,0,,0,,0,
324,Earth,Medium,Heavy,21,8,C,21,8,A_versus_02_1_T,raise,,,,,,,0,,0,,0,
325,Earth,Medium,Heavy,21,8,3,21,8,A_versus_02_1_T,sweep,11,1,Earth_Bending_Attack11_rock_projectile_comb,rock projectile,,need to break this down OR multiple rocks going in diff directions,0,,0,,0,
326,Earth,Medium,Heavy,21,8,D,21,8,A_versus_02_1_T,raise,,,,,,,0,,0,,0,
327,Earth,Medium,Heavy,21,8,4,21,8,A_versus_02_1_T,roundhouse,11,1,Earth_Bending_Attack11_rock_projectile_comb,rock projectile,,need to break this down OR multiple rocks going in diff directions,0,,0,,0,
328,Earth,Medium,Heavy,21,8,E,21,8,A_versus_02_1_T,raise,,,,,,,0,,0,,0,
329,Earth,Medium,Heavy,21,8,5,21,8,A_versus_02_1_T,back hook kick,11,1,Earth_Bending_Attack11_rock_projectile_comb,rock projectile,,need to break this down OR multiple rocks going in diff directions,0,,0,,0,
330,Earth,Medium,Heavy,21,9,A,21,9,attack_06_D,,9,3,Earth_Bending_Attack9_rock_projectile_pre,,,,0,,0,,0,
331,Earth,Medium,Heavy,21,9,1,21,9,attack_06_D,front foot stomp,10,1,Earth_Bending_Attack10_trembler,rock projectile,fast spin,,0,,0,,0,
332,Earth,Medium,Heavy,21,9,2,21,9,attack_06_D,front foot stomp,8,3,Earth_Bending_Attack8_rock_projectile,rock projectile,fast spin,,0,,0,,0,
333,Earth,Medium,Run+Heavy,21,10,1,21,10,Combo_03_2_D,superman slam down with fists,7,1,Earth_Bending_Attack7_pillar_fan,pillar fan,,,0,,0,,0,
334,Earth,Medium,INVALID,21,11,1,21,11,Dancing_Anim,,,,,,,,0,,0,,0,
335,Earth,Medium,Area,21,12,1,21,12,Standing_2H_Magic_Area_Attack_02_Anim,,7,1,Earth_Bending_Attack7_pillar_fan,pillar fan,,,0,,0,,0,
336,Earth,Medium,Area,21,13,1,21,13,Combo_03_2_D,"jump, superman slam down with fists",7,1,Earth_Bending_Attack7_pillar_fan,pillar fan,rain down small pebbles,,0,,0,,0,
337,Earth,Medium,Area,21,14,1,21,14,Dancing_Anim,,,,,,,,0,,0,,0,
338,Earth,Medium,Area,21,15,1,21,15,Dancing_Anim,,,,,,,,0,,0,,0,
339,Earth,Medium,Run+Area,21,16,1,21,16,Standing_2H_Magic_Area_Attack_02_Anim,,7,1,Earth_Bending_Attack7_pillar_fan,pillar fan,,,0,,0,,0,
340,Earth,Medium,Env+Area,21,17,1,21,17,Standing_Melee_Attack_360_Low_Anim,"turn, slice downward strike",,,,,,"angled pillar, shoots opponent out of scene",0,,0,,0,
341,Earth,Medium,Throw,21,18,1,21,18,Standing_1H_Magic_Attack_03_Anim,softball pitch with back hand,8,1,Earth_Bending_Attack8_rock_projectile,rock projectile,,"toss rock into the air like a hand grenade, lands on opponent and explodes",0,,0,,0,
342,Earth,Medium,Block,21,19,1,21,19,Body_Block_cut_Anim,both arms raised in front of face to block,1,1,Earth_Bending1_Block,rock block cylces,,,0,,0,,0,
343,Earth,Medium,UNUSED ATTACK,21,21,UNUSED ATTACK,21,21,Uppercut_Lead_Still_cut_Anim,,UNUSED ATTACK,,,,,,0,,0,,0,
344,Earth,Medium,UNUSED ATTACK,21,22,UNUSED ATTACK,21,22,Reverse_Punch_Low_Still_Anim,,UNUSED ATTACK,,,,,,0,,0,,0,
345,Earth,Medium,UNUSED ATTACK,21,23,UNUSED ATTACK,21,23,A_atk_04_cut_J,,UNUSED ATTACK,,,,,,0,,0,,0,
346,Earth,Close,Light,22,0,1,21,0,Uppercut_Lead_Lunge_Anim,"lunge forward, upper cut front hand",6,1,Earth_Bending_Attack6_trail_forward,earth trail,low,,0,,0,,0,
347,Earth,Close,Light,22,1,A,21,1,A_combo_03_2_G,"step palm strike, front hand",,,,,,,0,,0,,0,
348,Earth,Close,Light,22,1,1,21,1,A_combo_03_2_G,"step palm strike, front hand",6,1,Earth_Bending_Attack6_trail_forward,earth trail,low,,0,,0,,0,
349,Earth,Close,Light,22,2,A,21,2,attacks_combo2_m,"front knee, turn",9,5,Earth_Bending_Attack9_rock_projectile_pre,,,,0,,0,,0,
350,Earth,Close,Light,22,2,1,21,2,attacks_combo2_m,back hook kick,8,5,Earth_Bending_Attack8_rock_projectile,rock projectile,2 rocks side by side,,0,,0,,0,
351,Earth,Close,Light,22,3,1,21,3,Dancing_Anim,,,,,,,,0,,0,,0,
352,Earth,Close,Run+Light,22,4,1,21,4,Combo_03_2_D,"jump, superman slam down with fists",7,1,Earth_Bending_Attack7_pillar_fan,pillar fan,,,0,,0,,0,
353,Earth,Close,Env+Light,22,5,1,21,5,Magic_Heal_Low_Anim,step,20,1,Earth_Bending20_Env_rock,popup rock,,,0,,0,,0,
354,Earth,Close,Env+Light,22,5,2,21,5,Magic_Heal_Low_Anim,bring front arm forward,,,,,,,0,,0,,0,
355,Earth,Close,Heavy,22,6,A,21,6,A_combo_01_1_T,wind up,9,4,Earth_Bending_Attack9_rock_projectile_pre,,,,0,,0,,0,
356,Earth,Close,Heavy,22,6,1,21,6,A_combo_01_1_T,reverse punch,8,4,Earth_Bending_Attack8_rock_projectile,rock projectile,big rock,,0,,0,,0,
357,Earth,Close,Heavy,22,7,A,21,7,attacks_punch_1_2_m,horse stance,,,,,,,0,,0,,0,
358,Earth,Close,Heavy,22,7,1,21,7,attacks_punch_1_2_m,punch,6,3,Earth_Bending_Attack6_trail_forward,earth trail,high,,0,,0,,0,
359,Earth,Close,Heavy,22,7,B,21,7,attacks_punch_1_2_m,"step, horse stance",,,,,,,0,,0,,0,
360,Earth,Close,Heavy,22,7,2,21,7,attacks_punch_1_2_m,punch,6,4,Earth_Bending_Attack6_trail_forward,earth trail,high,,0,,0,,0,
361,Earth,Close,Heavy,22,8,A,21,8,A_versus_02_1_T,palm strike,9,1,Earth_Bending_Attack9_rock_projectile_pre,,,need to break this down OR multiple rocks going in diff directions,0,,0,,0,
362,Earth,Close,Heavy,22,8,1,21,8,A_versus_02_1_T,side kick,8,1,Earth_Bending_Attack8_rock_projectile,rock projectile,,need to break this down OR multiple rocks going in diff directions,0,,0,,0,
363,Earth,Close,Heavy,22,8,B,21,8,A_versus_02_1_T,raise,,,,,,,0,,0,,0,
364,Earth,Close,Heavy,22,8,2,21,8,A_versus_02_1_T,high kick,11,1,Earth_Bending_Attack11_rock_projectile_comb,rock projectile,,need to break this down OR multiple rocks going in diff directions,0,,0,,0,
365,Earth,Close,Heavy,22,8,C,21,8,A_versus_02_1_T,raise,,,,,,,0,,0,,0,
366,Earth,Close,Heavy,22,8,3,21,8,A_versus_02_1_T,sweep,11,1,Earth_Bending_Attack11_rock_projectile_comb,rock projectile,,need to break this down OR multiple rocks going in diff directions,0,,0,,0,
367,Earth,Close,Heavy,22,8,D,21,8,A_versus_02_1_T,raise,,,,,,,0,,0,,0,
368,Earth,Close,Heavy,22,8,4,21,8,A_versus_02_1_T,roundhouse,11,1,Earth_Bending_Attack11_rock_projectile_comb,rock projectile,,need to break this down OR multiple rocks going in diff directions,0,,0,,0,
369,Earth,Close,Heavy,22,8,E,21,8,A_versus_02_1_T,raise,,,,,,,0,,0,,0,
370,Earth,Close,Heavy,22,8,5,21,8,A_versus_02_1_T,back hook kick,11,1,Earth_Bending_Attack11_rock_projectile_comb,rock projectile,,need to break this down OR multiple rocks going in diff directions,0,,0,,0,
371,Earth,Close,Heavy,22,9,1,21,9,Combo_03_1_D,"superman slam down with fists, short",5,1,Earth_Bending_Attack5_ejector,ejector,,,0,,0,,0,
372,Earth,Close,Run+Heavy,22,10,A,21,10,A_daggerthrow_02_N,"jump, decapitate with two swords crossed",9,1,Earth_Bending_Attack9_rock_projectile_pre,,,,0,,0,,0,
373,Earth,Close,Run+Heavy,22,10,1,21,10,A_daggerthrow_02_N,"jump, decapitate with two swords crossed",8,1,Earth_Bending_Attack8_rock_projectile,rock projectile,"two rocks coming in opposite directions, slam into opponent",,0,,0,,0,
374,Earth,Close,INVALID,22,11,1,21,11,Dancing_Anim,,,,,,,,0,,0,,0,
375,Earth,Close,Area,22,12,1,21,12,attack_08_D,slam fist down to ground with back hand,5,1,Earth_Bending_Attack5_ejector,ejector,,,0,,0,,0,
376,Earth,Close,Area,22,13,A,21,13,A_versus_02_1_T,palm strike,9,1,Earth_Bending_Attack9_rock_projectile_pre,,,need to break this down OR multiple rocks going in diff directions,0,,0,,0,
377,Earth,Close,Area,22,13,1,21,13,A_versus_02_1_T,side kick,8,1,Earth_Bending_Attack8_rock_projectile,rock projectile,,need to break this down OR multiple rocks going in diff directions,0,,0,,0,
378,Earth,Close,Area,22,13,B,21,13,A_versus_02_1_T,raise,,,,,,,0,,0,,0,
379,Earth,Close,Area,22,13,2,21,13,A_versus_02_1_T,high kick,11,1,Earth_Bending_Attack11_rock_projectile_comb,rock projectile,,need to break this down OR multiple rocks going in diff directions,0,,0,,0,
380,Earth,Close,Area,22,13,C,21,13,A_versus_02_1_T,raise,,,,,,,0,,0,,0,
381,Earth,Close,Area,22,13,3,21,13,A_versus_02_1_T,sweep,11,1,Earth_Bending_Attack11_rock_projectile_comb,rock projectile,,need to break this down OR multiple rocks going in diff directions,0,,0,,0,
382,Earth,Close,Area,22,13,D,21,13,A_versus_02_1_T,raise,,,,,,,0,,0,,0,
383,Earth,Close,Area,22,13,4,21,13,A_versus_02_1_T,roundhouse,11,1,Earth_Bending_Attack11_rock_projectile_comb,rock projectile,,need to break this down OR multiple rocks going in diff directions,0,,0,,0,
384,Earth,Close,Area,22,13,E,21,13,A_versus_02_1_T,raise,,,,,,,0,,0,,0,
385,Earth,Close,Area,22,13,5,21,13,A_versus_02_1_T,back hook kick,11,1,Earth_Bending_Attack11_rock_projectile_comb,rock projectile,,need to break this down OR multiple rocks going in diff directions,0,,0,,0,
386,Earth,Close,Area,22,14,1,21,14,Dancing_Anim,,,,,,,,0,,0,,0,
387,Earth,Close,Area,22,15,1,21,15,Dancing_Anim,,,,,,,,0,,0,,0,
388,Earth,Close,Run+Area,22,16,1,21,16,attack_08_D,slam fist down to ground with back hand,5,1,Earth_Bending_Attack5_ejector,ejector,,,0,,0,,0,
389,Earth,Close,Env+Area,22,17,1,21,17,Standing_Melee_Attack_360_Low_Anim,"turn, slice downward strike",,,,,,,0,,0,,0,
390,Earth,Close,Throw,22,18,1,21,18,Standing_1H_Magic_Attack_03_Anim,softball pitch with back hand,8,1,Earth_Bending_Attack8_rock_projectile,rock projectile,,"angled pillar, shoots opponent out of scene",0,,0,,0,
391,Earth,Close,Block,22,19,1,21,19,Body_Block_cut_Anim,both arms raised in front of face to block,1,1,Earth_Bending1_Block,rock block cycles,,"toss rock into the air like a hand grenade, lands on opponent and explodes",0,,0,,0,
392,Water,Dodge,Light,26,0,1,26,0,Sword_And_Shield_Slash_Reverse_Anim,,,,,,,,0,,0,,0,
393,Water,Dodge,Light,26,1,1,26,1,Stable_Sword_Outward_Slash_Up_Anim,,,,,,,,0,,0,,0,
394,Water,Dodge,Light,26,2,1,26,2,Sword_And_Shield_Attack_High_Anim,,,,,,,,0,,0,,0,
395,Water,Dodge,Light,26,3,1,26,3,Dancing_Anim,,,,,,,,0,,0,,0,
396,Water,Dodge,Run+Light,26,4,1,26,4,Sword_And_Shield_Attack_High_Anim,,,,,,,,0,,0,,0,
397,Water,Dodge,Env+Light,26,5,1,26,5,Sword_And_Shield_Casting_C_Anim,,,,,,,,0,,0,,0,
398,Water,Dodge,Heavy,26,6,1,26,6,Sword_And_Shield_Slash_Reverse_Jump_Anim,,,,,,,,0,,0,,0,
399,Water,Dodge,Heavy,26,7,1,26,7,Leg_Sweep_Reverse360_High_Anim,,,,,,,,0,,0,,0,
400,Water,Dodge,Heavy,26,8,1,26,8,Aerial_Kick_Anim,,,,,,,,0,,0,,0,
401,Water,Dodge,Heavy,26,9,1,26,9,Dancing_Anim,,,,,,,,0,,0,,0,
402,Water,Dodge,Run+Heavy,26,10,1,26,10,Dancing_Anim,,,,,,,,0,,0,,0,
403,Water,Dodge,INVALID,26,11,1,26,11,Dancing_Anim,,,,,,,,0,,0,,0,
404,Water,Dodge,Area,26,12,1,26,12,Hook_High_Still_Anim,,,,,,,,0,,0,,0,
405,Water,Dodge,Area,26,13,1,26,13,Leg_Sweep_Reverse360_High_Anim,,,,,,,,0,,0,,0,
406,Water,Dodge,Area,26,14,1,26,14,Roundhouse_Anim,,,,,,,,0,,0,,0,
407,Water,Dodge,Area,26,14,2,26,14,Roundhouse_Anim,,,,,,,,0,,0,,0,
408,Water,Dodge,Area,26,15,1,26,15,Dancing_Anim,,,,,,,,0,,0,,0,
409,Water,Dodge,Run+Area,26,16,1,26,16,Standing_2H_Magic_Area_Attack_01_Anim,,,,,,,,0,,0,,0,
410,Water,Dodge,Env+Area,26,17,1,26,17,Standing_2H_Magic_Area_Attack_02_Anim,,,,,,,,0,,0,,0,
411,Water,Dodge,Throw,26,18,1,26,18,Standing_1H_Magic_Attack_01_Anim,,,,,,,,0,,0,,0,
412,Water,Dodge,Block,26,19,1,26,19,Fight_Idle_Arm_Circles_cut_Anim,,,,,,,,0,,0,,0,
413,Water,Dodge,UNUSED ATTACK,26,21,UNUSED ATTACK,26,21,Combo_04_4_D,,UNUSED ATTACK,,,,,,0,,0,,0,
414,Water,Block,Light,27,0,1,27,0,Sword_And_Shield_Slash_Reverse_Anim,,,,,,,,0,,0,,0,
415,Water,Block,Light,27,1,1,27,1,Stable_Sword_Outward_Slash_Up_Anim,,,,,,,,0,,0,,0,
416,Water,Block,Light,27,2,1,27,2,Sword_And_Shield_Attack_High_Anim,,,,,,,,0,,0,,0,
417,Water,Block,Light,27,3,1,27,3,Dancing_Anim,,,,,,,,0,,0,,0,
418,Water,Block,Run+Light,27,4,1,27,4,Sword_And_Shield_Attack_High_Anim,,,,,,,,0,,0,,0,
419,Water,Block,Env+Light,27,5,1,27,5,Sword_And_Shield_Casting_C_Anim,,,,,,,,0,,0,,0,
420,Water,Block,Heavy,27,6,1,27,6,Sword_And_Shield_Slash_Reverse_Jump_Anim,,,,,,,,0,,0,,0,
421,Water,Block,Heavy,27,7,1,27,7,Leg_Sweep_Reverse360_High_Anim,,,,,,,,0,,0,,0,
422,Water,Block,Heavy,27,8,1,27,8,Aerial_Kick_Anim,,,,,,,,0,,0,,0,
423,Water,Block,Heavy,27,9,1,27,9,Dancing_Anim,,,,,,,,0,,0,,0,
424,Water,Block,Run+Heavy,27,10,1,27,10,Dancing_Anim,,,,,,,,0,,0,,0,
425,Water,Block,INVALID,27,11,1,27,11,Dancing_Anim,,,,,,,,0,,0,,0,
426,Water,Block,Area,27,12,1,27,12,Hook_High_Still_Anim,,,,,,,,0,,0,,0,
427,Water,Block,Area,27,13,1,27,13,Leg_Sweep_Reverse360_High_Anim,,,,,,,,0,,0,,0,
428,Water,Block,Area,27,14,1,27,14,Roundhouse_Anim,,,,,,,,0,,0,,0,
429,Water,Block,Area,27,14,2,27,14,Roundhouse_Anim,,,,,,,,0,,0,,0,
430,Water,Block,Area,27,15,1,27,15,Dancing_Anim,,,,,,,,0,,0,,0,
431,Water,Block,Run+Area,27,16,1,27,16,Standing_2H_Magic_Area_Attack_01_Anim,,,,,,,,0,,0,,0,
432,Water,Block,Env+Area,27,17,1,27,17,Standing_2H_Magic_Area_Attack_02_Anim,,,,,,,,0,,0,,0,
433,Water,Block,Throw,27,18,1,27,18,Standing_1H_Magic_Attack_01_Anim,frisbee throw back hand,,,,,,,0,,0,,0,
434,Water,Block,Block,27,19,1,27,19,Fight_Idle_Arm_Circles_cut_Anim,,,,,,,,0,,0,,0,
435,Water,Block,UNUSED ATTACK,27,21,UNUSED ATTACK,27,21,Roundhouse_Anim,,UNUSED ATTACK,,,,,,0,,0,,0,
436,Water,Block,UNUSED ATTACK,27,22,UNUSED ATTACK,27,22,A_combo_02_1_G,,UNUSED ATTACK,,,,,,0,,0,,0,
437,Water,Block,UNUSED ATTACK,27,23,UNUSED ATTACK,27,23,Hook_High_Still_Anim,,UNUSED ATTACK,,,,,,0,,0,,0,
438,Water,Far,Light,28,0,A,28,0,A_atk_01_G,"step forward, punch with front hand",,,,,,,0,,0,,0,
439,Water,Far,Light,28,0,1,28,0,A_atk_01_G,"step forward, punch with front hand",5,9,Water_Bending5_icebullet,3 ice bullets,,,0,,0,,0,
440,Water,Far,Light,28,1,A,28,1,Combo_04_1_D,reverse sword slash with front hand,,,,,,,0,,0,,0,
441,Water,Far,Light,28,1,1,28,1,Combo_04_1_D,reverse sword slash with front hand,12,9,Water_Bending12_icediscs,3 ice discs,,,0,,0,,0,
442,Water,Far,Light,28,2,A,28,2,A_BackFist_L,"360 turn, back fist with front hand",,,,,,,0,,0,,0,
443,Water,Far,Light,28,2,1,28,2,A_BackFist_L,"360 turn, back fist with front hand",6,1,Water_Bending6_waterbullet2,large water bullet,,,0,,0,,0,
444,Water,Far,Light,28,3,1,28,3,Dancing_Anim,,,,,,,,0,,0,,0,
445,Water,Far,Run+Light,28,4,1,28,4,A_combo_02_02_cut_J,"body rotates horiz 360, srtike with front hand",11,9,Water_Bending11_waterdiscs,3 water discs,,,0,,0,,0,
446,Water,Far,Env+Light,28,5,A,28,5,Sword_And_Shield_Casting_C_Anim,"bring back hand up to air, hold, bring hand down to ground",,,,,,,0,,0,,0,
447,Water,Far,Env+Light,28,5,1,28,5,Sword_And_Shield_Casting_C_Anim,"bring back hand up to air, hold, bring hand down to ground",20,1,Water_Bending20_Env_Splash,BLOCK anim NEED TO EDIT THE RASIE POINTS,,,0,,0,,0,
448,Water,Far,Heavy,28,6,A,28,6,A_combo_04_4_G,"step, hook punch",,,,,,,0,,0,,0,
449,Water,Far,Heavy,28,6,1,28,6,A_combo_04_4_G,"step, hook punch",14,1,Water_Bending14_icetrail,ice trail,low,,0,,0,,0,
450,Water,Far,Heavy,28,7,A,28,7,Combo_04_6_D,"360 turn, sword slice with back hand",,,,,,,0,,0,,0,
451,Water,Far,Heavy,28,7,1,28,7,Combo_04_6_D,"360 turn, sword slice with back hand",14,2,Water_Bending14_icetrail,ice trail,high,,0,,0,,0,
452,Water,Far,Heavy,28,8,A,28,8,attack_02_D,"arms up high, bring down and cross",,,,,,,0,,0,,0,
453,Water,Far,Heavy,28,8,1,28,8,attack_02_D,"arms up high, bring down and cross",12,9,Water_Bending12_icediscs,3 ice discs,,,0,,0,,0,
454,Water,Far,Heavy,28,9,1,28,9,Dancing_Anim,,,,,,,,0,,0,,0,
455,Water,Far,Run+Heavy,28,10,1,28,10,Dancing_Anim,,,,,,,,0,,0,,0,
456,Water,Far,INVALID,28,11,1,28,11,Dancing_Anim,,,,,,,,0,,0,,0,
457,Water,Far,Area,28,12,A,28,12,ANIM_TIGER_HUNTING,hands scoop upward and then push forward,,,,,,,0,,0,,0,
458,Water,Far,Area,28,12,1,28,12,ANIM_TIGER_HUNTING,hands scoop upward and then push forward,7,1,Water_Bending7_vert_splashs,big vertical splashes,,,0,,0,,0,
459,Water,Far,Area,28,13,A,28,13,A_kick_06_2_T,back turn hook kick,,,,,,,0,,0,,0,
460,Water,Far,Area,28,13,1,28,13,A_kick_06_2_T,back turn hook kick,6,1,Water_Bending6_waterbullet2,large water bullet,,,0,,0,,0,
461,Water,Far,Area,28,14,A,28,14,A_BTwist_Kick,"hand comes down, twist body, kick high to low",,,,,,,0,,0,,0,
462,Water,Far,Area,28,14,1,28,14,A_BTwist_Kick,"hand comes down, twist body, kick high to low",12,9,Water_Bending12_icediscs,3 ice discs,,,0,,0,,0,
463,Water,Far,Area,28,15,1,28,15,Dancing_Anim,,,,,,,,0,,0,,0,
464,Water,Far,Run+Area,28,16,A,28,16,A_combo_03_03_cut_J,"corkscrew spin, horiz slash, corkscrew spin, thrust",,,,,,,0,,0,,0,
465,Water,Far,Run+Area,28,16,1,28,16,A_combo_03_03_cut_J,"corkscrew spin, horiz slash, corkscrew spin, thrust",6,1,Water_Bending6_waterbullet2,large water bullet,,,0,,0,,0,
466,Water,Far,Run+Area,28,16,2,28,16,A_combo_03_03_cut_J,"corkscrew spin, horiz slash, corkscrew spin, thrust",6,1,Water_Bending6_waterbullet2,large water bullet,,,0,,0,,0,
467,Water,Far,Env+Area,28,17,1,28,17,Standing_2H_Magic_Area_Attack_02_Anim,,21,1,Water_Bending21_Env,BLOCK anim,,,0,,0,,0,
468,Water,Far,Env+Area,28,17,2,28,17,Standing_2H_Magic_Area_Attack_02_Anim,,,,,,,,0,,0,,0,
469,Water,Far,Throw,28,18,1,28,18,Standing_1H_Magic_Attack_01_Anim,frisbee throw back hand,12,9,Water_Bending12_icediscs,3 ice discs,,,0,,0,,0,
470,Water,Far,Block,28,19,1,28,19,Fight_Idle_Arm_Circles_cut_Anim,,1,1,Water_Bending_Block1,ice shield,,,0,,0,,0,
471,Water,Far,Block,28,19,2,28,19,Fight_Idle_Arm_Circles_cut_Anim,,,,,,,,0,,0,,0,
472,Water,Far,Block,28,19,3,28,19,Fight_Idle_Arm_Circles_cut_Anim,,,,,,,,0,,0,,0,
473,Water,Far,UNUSED ATTACK,28,21,UNUSED ATTACK,28,21,Sword_And_Shield_Attack_High_Anim,,UNUSED ATTACK,,,,,,0,,0,,0,
474,Water,Far,UNUSED ATTACK,28,22,UNUSED ATTACK,28,22,Stable_Sword_Outward_Slash_Up_Anim,,UNUSED ATTACK,,,,,,0,,0,,0,
475,Water,Far,UNUSED ATTACK,28,23,UNUSED ATTACK,28,23,Sword_And_Shield_Slash_Reverse_Anim,"step forward, reverse horiz slice",UNUSED ATTACK,,,,,,0,,0,,0,
476,Water,Medium,Light,29,0,1,29,0,Sword_And_Shield_Attack_High_Anim,"360 turn, reverse horiz slice with back hand",5,9,Water_Bending5_icebullet,3 ice bullets,,,0,,0,,0,
477,Water,Medium,Light,29,0,2,29,0,Sword_And_Shield_Attack_High_Anim,"360 turn, reverse horiz slice with back hand",,,,,,,0,,0,,0,
478,Water,Medium,Light,29,1,A,29,1,A_combo_01a_2_3_G,"step forward, thrust, reverse horiz slash",,,,,,,0,,0,,0,
479,Water,Medium,Light,29,1,1,29,1,A_combo_01a_2_3_G,"step forward, thrust, reverse horiz slash",12,9,Water_Bending12_icediscs,3 ice discs,,,0,,0,,0,
480,Water,Medium,Light,29,1,2,29,1,A_combo_01a_2_3_G,"step forward, thrust, reverse horiz slash",,,,,,,0,,0,,0,
481,Water,Medium,Light,29,2,A,29,2,A_combo_01_4_G,reverse punch,,,,,,,0,,0,,0,
482,Water,Medium,Light,29,2,1,29,2,A_combo_01_4_G,reverse punch,6,1,Water_Bending6_waterbullet2,large water bullet,,,0,,0,,0,
483,Water,Medium,Light,29,3,1,29,3,Dancing_Anim,,,,,,,,0,,0,,0,
484,Water,Medium,Run+Light,29,4,A,29,4,A_atk_08_cut_J,"360 turn, kneel, thrust",,,,,,,0,,0,,0,
485,Water,Medium,Run+Light,29,4,1,29,4,A_atk_08_cut_J,"360 turn, kneel, thrust",11,9,Water_Bending11_waterdiscs,3 water discs,,,0,,0,,0,
486,Water,Medium,Env+Light,29,5,A,29,5,Sword_And_Shield_Casting_C_Anim,"bring back hand up to air, hold, bring hand down to ground",,,,,,,0,,0,,0,
487,Water,Medium,Env+Light,29,5,1,29,5,Sword_And_Shield_Casting_C_Anim,"bring back hand up to air, hold, bring hand down to ground",20,1,Water_Bending20_Env_Splash,BLOCK anim NEED TO EDIT THE RASIE POINTS,,,0,,0,,0,
488,Water,Medium,Heavy,29,6,1,29,6,A_combo_01_3_G,reverse slash with front hand,14,1,Water_Bending14_icetrail,ice trail,low,,0,,0,,0,
489,Water,Medium,Heavy,29,7,A,29,7,attack_07_D,"step, hand comes up high and slices downward diagonally",,,,,,,0,,0,,0,
490,Water,Medium,Heavy,29,7,1,29,7,attack_07_D,"step, hand comes up high and slices downward diagonally",14,2,Water_Bending14_icetrail,ice trail,high,,0,,0,,0,
491,Water,Medium,Heavy,29,8,1,29,8,Sword_And_Shield_Slash_Reverse_Jump_Anim,"slow 360, back hand comes up and slashes down",,,,,,,0,,0,,0,
492,Water,Medium,Heavy,29,9,1,29,9,Dancing_Anim,,,,,,,,0,,0,,0,
493,Water,Medium,Run+Heavy,29,10,1,29,10,Dancing_Anim,,,,,,,,0,,0,,0,
494,Water,Medium,INVALID,29,11,1,29,11,Dancing_Anim,,,,,,,,0,,0,,0,
495,Water,Medium,Area,29,12,A,29,12,A_BackFist_SuperMan_R,step 360 reverse punch,,,,,,,0,,0,,0,
496,Water,Medium,Area,29,12,1,29,12,A_BackFist_SuperMan_R,step 360 reverse punch,10,1,Water_Bending10_watertendrils,,,,0,,0,,0,
497,Water,Medium,Area,29,13,A,29,13,Combo_01_D,"hands stay parallel as they are brought up, 360 turn, and brought down",,,,,,,0,,0,,0,
498,Water,Medium,Area,29,13,1,29,13,Combo_01_D,"hands stay parallel as they are brought up, 360 turn, and brought down",12,9,Water_Bending12_icediscs,3 ice discs,,,0,,0,,0,
499,Water,Medium,Area,29,14,1,29,14,Standing_2H_Magic_Area_Attack_01_Anim,back hand comes up and both arms are brought down forward,7,1,Water_Bending7_vert_splashs,big vertical splashes,,,0,,0,,0,
500,Water,Medium,Area,29,14,2,29,14,Standing_2H_Magic_Area_Attack_01_Anim,back hand comes up and both arms are brought down forward,,,,,,,0,,0,,0,
501,Water,Medium,Area,29,15,1,29,15,Dancing_Anim,,,,,,,,0,,0,,0,
502,Water,Medium,Run+Area,29,16,A,29,16,A_combo_04_2_G,squat jump 360 roundhouse,,,,,,,0,,0,,0,
503,Water,Medium,Run+Area,29,16,1,29,16,A_combo_04_2_G,squat jump 360 roundhouse,12,9,Water_Bending12_icediscs,3 ice discs,,,0,,0,,0,
504,Water,Medium,Env+Area,29,17,1,29,17,Standing_2H_Magic_Area_Attack_02_Anim,hands squeeze towards each other then released,21,1,Water_Bending21_Env,BLOCK anim,,,0,,0,,0,
505,Water,Medium,Env+Area,29,17,2,29,17,Standing_2H_Magic_Area_Attack_02_Anim,hands squeeze towards each other then released,,,,,,,0,,0,,0,
506,Water,Medium,Throw,29,18,1,29,18,Standing_1H_Magic_Attack_01_Anim,frisbee throw back hand,,,,,,,0,,0,,0,
507,Water,Medium,Block,29,19,1,29,19,Fight_Idle_Arm_Circles_cut_Anim,,1,1,Water_Bending_Block1,ice shield,,,0,,0,,0,
508,Water,Medium,Block,29,19,2,29,19,Fight_Idle_Arm_Circles_cut_Anim,,,,,,,,0,,0,,0,
509,Water,Medium,Block,29,19,3,29,19,Fight_Idle_Arm_Circles_cut_Anim,,,,,,,,0,,0,,0,
510,Water,Medium,UNUSED ATTACK,29,21,UNUSED ATTACK,29,21,Sword_And_Shield_Slash_Reverse_Jump_Anim,"slow 360, back hand comes up and slashes down",UNUSED ATTACK,,,,,,0,,0,,0,
511,Water,Medium,UNUSED ATTACK,29,22,UNUSED ATTACK,29,22,Leg_Sweep_Reverse360_High_Anim,,UNUSED ATTACK,,,,,,0,,0,,0,
512,Water,Medium,UNUSED ATTACK,29,23,UNUSED ATTACK,29,23,Aerial_Kick_Anim,,UNUSED ATTACK,,,,,,0,,0,,0,
513,Water,Close,Light,30,0,A,30,0,A_daggerthrow_01_N,,,,,,,,0,,0,,0,
514,Water,Close,Light,30,0,1,30,0,A_daggerthrow_01_N,,8,1,Water_Bending8_water_whip,left2right whip,,,0,,0,,0,
515,Water,Close,Light,30,0,2,30,0,A_daggerthrow_01_N,,,,,,,,0,,0,,0,
516,Water,Close,Light,30,1,1,30,1,Stable_Sword_Outward_Slash_Up_Anim,"step forward, reverse upward slice",8,2,Water_Bending8_water_whip,right2left whip,,,0,,0,,0,
517,Water,Close,Light,30,2,1,30,2,Sword_And_Shield_Slash_Reverse_Anim,"step forward, reverse horiz slice",6,1,Water_Bending6_waterbullet2,large water bullet,,,0,,0,,0,
518,Water,Close,Light,30,3,1,30,3,Dancing_Anim,,,,,,,,0,,0,,0,
519,Water,Close,Run+Light,30,4,1,30,4,Sword_And_Shield_Attack_High_Anim,"360 turn, reverse horiz slice with back hand",11,9,Water_Bending11_waterdiscs,3 water discs,,,0,,0,,0,
520,Water,Close,Run+Light,30,4,2,30,4,Sword_And_Shield_Attack_High_Anim,"360 turn, reverse horiz slice with back hand",,,,,,,0,,0,,0,
521,Water,Close,Env+Light,30,5,A,30,5,Sword_And_Shield_Casting_C_Anim,"bring back hand up to air, hold, bring hand down to ground",,,,,,,0,,0,,0,
522,Water,Close,Env+Light,30,5,1,30,5,Sword_And_Shield_Casting_C_Anim,"bring back hand up to air, hold, bring hand down to ground",20,1,Water_Bending20_Env_Splash,BLOCK anim NEED TO EDIT THE RASIE POINTS,,,0,,0,,0,
523,Water,Close,Heavy,30,6,A,30,6,attacks_Jump_kick02_m,jump roundhouse kick,,,,,,,0,,0,,0,
524,Water,Close,Heavy,30,6,1,30,6,attacks_Jump_kick02_m,jump roundhouse kick,14,1,Water_Bending14_icetrail,ice trail,low,,0,,0,,0,
525,Water,Close,Heavy,30,7,A,30,7,A_atk_02_N,"crouch down, elbow strike",,,,,,,0,,0,,0,
526,Water,Close,Heavy,30,7,1,30,7,A_atk_02_N,"crouch down, elbow strike",14,2,Water_Bending14_icetrail,ice trail,high,,0,,0,,0,
527,Water,Close,Heavy,30,8,1,30,8,A_kick_07_1_T,back hand spring,,,,,,,0,,0,,0,
528,Water,Close,Heavy,30,9,1,30,9,Dancing_Anim,,,,,,,,0,,0,,0,
529,Water,Close,Run+Heavy,30,10,1,30,10,Dancing_Anim,,,,,,,,0,,0,,0,
530,Water,Close,INVALID,30,11,1,30,11,Dancing_Anim,,,,,,,,0,,0,,0,
531,Water,Close,Area,30,12,1,30,12,A_atk_01_N,"backhand horiz slash, 360 turn",7,1,Water_Bending7_vert_splashs,big vertical splashes,,,0,,0,,0,
532,Water,Close,Area,30,12,2,30,12,A_atk_01_N,"backhand horiz slash, 360 turn",,,,,,,0,,0,,0,
533,Water,Close,Area,30,13,1,30,13,A_kick_02_G,"back leg sweep, hook kick, turn, hook kick",12,1,Water_Bending12_icediscs,one ice disc,,,0,,0,,0,
534,Water,Close,Area,30,13,2,30,13,A_kick_02_G,"back leg sweep, hook kick, turn, hook kick",12,1,Water_Bending12_icediscs,one ice disc,,,0,,0,,0,
535,Water,Close,Area,30,13,3,30,13,A_kick_02_G,"back leg sweep, hook kick, turn, hook kick",12,1,Water_Bending12_icediscs,one ice disc,,,0,,0,,0,
536,Water,Close,Area,30,14,1,30,14,A_combo_03_1_G,frisbee throw front hand,11,9,Water_Bending11_waterdiscs,3 water discs,,,0,,0,,0,
537,Water,Close,Area,30,15,1,30,15,Dancing_Anim,,,,,,,,0,,0,,0,
538,Water,Close,Run+Area,30,16,A,30,16,attacks_Jump_kick02_m,jump arch kick,,,,,,,0,,0,,0,
539,Water,Close,Run+Area,30,16,1,30,16,attacks_Jump_kick02_m,jump arch kick,,,,,,,0,,0,,0,
540,Water,Close,Env+Area,30,17,1,30,17,Standing_2H_Magic_Area_Attack_02_Anim,hands squeeze towards each other then released,21,1,Water_Bending21_Env,BLOCK anim,,,0,,0,,0,
541,Water,Close,Env+Area,30,17,2,30,17,Standing_2H_Magic_Area_Attack_02_Anim,hands squeeze towards each other then released,,,,,,,0,,0,,0,
542,Water,Close,Throw,30,18,1,30,18,Standing_1H_Magic_Attack_01_Anim,frisbee throw back hand,,,,,,,0,,0,,0,
543,Water,Close,Block,30,19,1,30,19,Fight_Idle_Arm_Circles_cut_Anim,,1,1,Water_Bending_Block1,ice shield,,,0,,0,,0,
544,Water,Close,Block,30,19,2,30,19,Fight_Idle_Arm_Circles_cut_Anim,,,,,,,,0,,0,,0,
545,Water,Close,Block,30,19,3,30,19,Fight_Idle_Arm_Circles_cut_Anim,,,,,,,,0,,0,,0,
546,Air,Dodge,Light,34,0,1,34,0,Lead_Jab_High_Anim,,,,,,,,0,,0,,0,
547,Air,Dodge,Light,34,1,1,34,1,Jab_Cross_Anim,,,,,,,,0,,0,,0,
548,Air,Dodge,Light,34,2,1,34,2,Hook_Anim,,,,,,,,0,,0,,0,
549,Air,Dodge,Light,34,3,1,34,3,Roundhouse_Anim,,,,,,,,0,,0,,0,
550,Air,Dodge,Run+Light,34,4,1,34,4,Front_Twist_Flip_Anim,,,,,,,,0,,0,,0,
551,Air,Dodge,Env+Light,34,5,1,34,5,Standing_1H_Magic_Attack_01_Anim,,,,,,,,0,,0,,0,
552,Air,Dodge,Heavy,34,6,1,34,6,Flying_Kick_Anim,,,,,,,,0,,0,,0,
553,Air,Dodge,Heavy,34,7,1,34,7,Leg_Sweep_Reverse360_High_Anim,,,,,,,,0,,0,,0,
554,Air,Dodge,Heavy,34,8,1,34,8,Standing_2H_Magic_Attack_03_Anim,,,,,,,,0,,0,,0,
555,Air,Dodge,Heavy,34,9,1,34,9,Dancing_Anim,,,,,,,,0,,0,,0,
556,Air,Dodge,Run+Heavy,34,10,1,34,10,Kick_Over_Pass_Anim,,,,,,,,0,,0,,0,
557,Air,Dodge,INVALID,34,11,1,34,11,Dancing_Anim,,,,,,,,0,,0,,0,
558,Air,Dodge,Area,34,12,1,34,12,Inside_Crescent_Kick_Anim,,,,,,,,0,,0,,0,
559,Air,Dodge,Area,34,13,1,34,13,Sword_And_Shield_Attack_High_Anim,,,,,,,,0,,0,,0,
560,Air,Dodge,Area,34,14,1,34,14,Dancing_Anim,,,,,,,,0,,0,,0,
561,Air,Dodge,Area,34,15,1,34,15,Dancing_Anim,,,,,,,,0,,0,,0,
562,Air,Dodge,Run+Area,34,16,1,34,16,Kick_Jump_Over_Side_Spin_Anim,,,,,,,,0,,0,,0,
563,Air,Dodge,Env+Area,34,17,1,34,17,Standing_2H_Magic_Attack_03_Anim,,,,,,,,0,,0,,0,
564,Air,Dodge,Throw,34,18,1,34,18,Dancing_Anim,,,,,,,,0,,0,,0,
565,Air,Dodge,Block,34,19,1,34,19,Spell_Casting_Anim,,,,,,,,0,,0,,0,
566,Air,Dodge,UNUSED ATTACK,34,21,UNUSED ATTACK,34,21,Kick_Jump_Over_Side_Spin_Anim,,UNUSED ATTACK,,,,,,0,,0,,0,
567,Air,Dodge,UNUSED ATTACK,34,23,UNUSED ATTACK,34,23,Front_Twist_Flip_Anim,,UNUSED ATTACK,,,,,,0,,0,,0,
568,Air,Dodge,UNUSED ATTACK,34,22,UNUSED ATTACK,34,22,Fireball_Anim,,UNUSED ATTACK,,,,,,0,,0,,0,
569,Air,Block,Light,35,0,1,35,0,Lead_Jab_High_Anim,,,,,,,,0,,0,,0,
570,Air,Block,Light,35,1,1,35,1,Jab_Cross_Anim,,,,,,,,0,,0,,0,
571,Air,Block,Light,35,2,1,35,2,Hook_Anim,,,,,,,,0,,0,,0,
572,Air,Block,Light,35,3,1,35,3,Roundhouse_Anim,,,,,,,,0,,0,,0,
573,Air,Block,Run+Light,35,4,1,35,4,Front_Twist_Flip_Anim,,,,,,,,0,,0,,0,
574,Air,Block,Env+Light,35,5,1,35,5,Standing_1H_Magic_Attack_01_Anim,,,,,,,,0,,0,,0,
575,Air,Block,Heavy,35,6,1,35,6,Flying_Kick_Anim,,,,,,,,0,,0,,0,
576,Air,Block,Heavy,35,7,1,35,7,Leg_Sweep_Reverse360_High_Anim,,,,,,,,0,,0,,0,
577,Air,Block,Heavy,35,8,1,35,8,Standing_2H_Magic_Attack_03_Anim,,,,,,,,0,,0,,0,
578,Air,Block,Heavy,35,9,1,35,9,Dancing_Anim,,,,,,,,0,,0,,0,
579,Air,Block,Run+Heavy,35,10,1,35,10,Kick_Over_Pass_Anim,,,,,,,,0,,0,,0,
580,Air,Block,INVALID,35,11,1,35,11,Dancing_Anim,,,,,,,,0,,0,,0,
581,Air,Block,Area,35,12,1,35,12,Inside_Crescent_Kick_Anim,,,,,,,,0,,0,,0,
582,Air,Block,Area,35,13,1,35,13,Sword_And_Shield_Attack_High_Anim,,,,,,,,0,,0,,0,
583,Air,Block,Area,35,14,1,35,14,Dancing_Anim,,,,,,,,0,,0,,0,
584,Air,Block,Area,35,15,1,35,15,Dancing_Anim,,,,,,,,0,,0,,0,
585,Air,Block,Run+Area,35,16,1,35,16,Kick_Jump_Over_Side_Spin_Anim,,,,,,,,0,,0,,0,
586,Air,Block,Env+Area,35,17,1,35,17,Standing_2H_Magic_Attack_03_Anim,,,,,,,,0,,0,,0,
587,Air,Block,Throw,35,18,1,35,18,Dancing_Anim,,,,,,,,0,,0,,0,
588,Air,Block,Block,35,19,1,35,19,Spell_Casting_Anim,,,,,,,,0,,0,,0,
589,Air,Block,UNUSED ATTACK,35,21,UNUSED ATTACK,35,21,Standing_2H_Magic_Attack_03_Anim,,UNUSED ATTACK,,,,,,0,,0,,0,
590,Air,Block,UNUSED ATTACK,35,22,UNUSED ATTACK,35,22,Sword_And_Shield_Attack_High_Anim,,UNUSED ATTACK,,,,,,0,,0,,0,
591,Air,Far,Light,36,0,A,37,0,ANIM_DOUBLE_PUNCH_PALM,"both hands come from back hip, double palm strike, then again from front hip",30,1,Air_Bending30_Raise_Air_Other,air limbs and body,right arm,,11,air_burst_short_11,0,,0,
592,Air,Far,Light,36,0,B,37,0,ANIM_DOUBLE_PUNCH_PALM,"both hands come from back hip, double palm strike, then again from front hip",30,2,Air_Bending30_Raise_Air_Other,air limbs and body,left arm,,12,air_burst_short_12,0,,0,
593,Air,Far,Light,36,0,1,37,0,ANIM_DOUBLE_PUNCH_PALM,"both hands come from back hip, double palm strike, then again from front hip",6,1,Air_Bending6_air_blast,air blast with strong external curves,small blast right slight curve,,0,,0,,0,
594,Air,Far,Light,36,0,2,37,0,ANIM_DOUBLE_PUNCH_PALM,"both hands come from back hip, double palm strike, then again from front hip",6,2,Air_Bending6_air_blast,air blast with strong external curves,small blast left slight curve,,0,,0,,0,
595,Air,Far,Light,36,1,A,37,1,Monk__Anim_Monk_attack2,"low back lunge, double block",30,3,Air_Bending30_Raise_Air_Other,air limbs and body,vertical,,10,air_slide_10,0,,0,
596,Air,Far,Light,36,1,B,37,1,Monk__Anim_Monk_attack2,"low back lunge, double block",36,2,Air_Bending36_airflash_rings,rings,,,9,air_whoosh_ext_9,0,,0,
597,Air,Far,Light,36,1,1,37,1,Monk__Anim_Monk_attack2,"low back lunge, double block",12,1,Air_Bending12_wind_bullet,air blast corkscrew,medium blast,,0,,0,,0,
598,Air,Far,Light,36,2,A,37,2,A_kick_01_1_G,"back kick, jump back kick",30,4,Air_Bending30_Raise_Air_Other,air limbs and body,left leg,,0,,0,,0,
599,Air,Far,Light,36,2,B,37,2,A_kick_01_1_G,"back kick, jump back kick",30,5,Air_Bending30_Raise_Air_Other,air limbs and body,right leg,,14,air_burst_14,0,,0,
600,Air,Far,Light,36,2,1,37,2,A_kick_01_1_G,"back kick, jump back kick",7,3,Air_Bending7_air_blast2,air blast with faint external curves,medium blast center slight curve left,,15,air_burst_15,0,,0,
601,Air,Far,Light,36,2,2,37,2,A_kick_01_1_G,"back kick, jump back kick",7,4,Air_Bending7_air_blast2,air blast with faint external curves,medium blast center slight curve right,,0,,0,,0,
602,Air,Far,Light,36,3,A,37,3,Monk__Anim_Monk_attack3,"step forward, palm soft strike",30,1,Air_Bending30_Raise_Air_Other,air limbs and body,right arm,,8,air_whoosh_ext_8,0,,0,
603,Air,Far,Light,36,3,1,37,3,Monk__Anim_Monk_attack3,"step forward, palm soft strike",5,1,Air_Bending5_wind_tunnel,wind tunnel,"large, intense",,0,,0,,0,
604,Air,Far,Run+Light,36,4,A,37,4,A_kick_04_3_T,"jump, turn, downward crescent kick",30,3,Air_Bending30_Raise_Air_Other,air currents left,vertical,,2,air_whoosh_2,0,,0,
605,Air,Far,Run+Light,36,4,1,37,4,A_kick_04_3_T,"jump, turn, downward crescent kick",17,1,Air_Bending17_air_wheel_vert,vertical wheel,,,0,,0,,0,
606,Air,Far,Env+Light,36,5,1,37,5,A_combo_01_5_G,"spear hand strike, front hand",20,1,Air_Bending20_Env,small tornado,,,6,air_whoosh_ext_6,0,,0,
607,Air,Far,Heavy,36,6,A,37,6,A_kick_06_T,"jump, turn, front side kick, wheel kick, turn, side kick",31,1,Air_Bending31_Raise_Air_Left,air currents left,big air long duration,,11,air_burst_short_11,0,,0,
608,Air,Far,Heavy,36,6,1,37,6,A_kick_06_T,"jump, turn, front side kick, wheel kick, turn, side kick",7,1,Air_Bending7_air_blast2,air blast with faint external curves,small blast,,2,air_whoosh_2,0,,0,
609,Air,Far,Heavy,36,6,2,37,6,A_kick_06_T,"jump, turn, front side kick, wheel kick, turn, side kick",15,2,Air_Bending15_down_slice,down and diagonal slices,diagonal slice,,12,air_burst_short_12,0,,0,
610,Air,Far,Heavy,36,6,3,37,6,A_kick_06_T,"jump, turn, front side kick, wheel kick, turn, side kick",7,1,Air_Bending7_air_blast2,air blast with faint external curves,small blast,,0,,0,,0,
611,Air,Far,Heavy,36,7,A,37,7,Combo_02_2_D,"wind up, back hand strike, hook",32,1,Air_Bending32_Raise_Air_Right,air currents right,small,,2,air_whoosh_2,0,,0,
612,Air,Far,Heavy,36,7,1,37,7,Combo_02_2_D,"wind up, back hand strike, hook",16,1,Air_Bending16_air_wheel_horz,horizontal wheel,straight,,2,air_whoosh_2,0,,0,
613,Air,Far,Heavy,36,7,2,37,7,Combo_02_2_D,"wind up, back hand strike, hook",16,1,Air_Bending16_air_wheel_horz,horizontal wheel,straight,,0,,0,,0,
614,Air,Far,Heavy,36,8,A,37,8,Monk__Anim_Monk_attack11,double palm strike,30,6,Air_Bending30_Raise_Air_Other,air limbs and body,forward,,0,,0,,0,
615,Air,Far,Heavy,36,8,1,37,8,Monk__Anim_Monk_attack11,double palm strike,7,2,Air_Bending7_air_blast2,air blast with faint external curves,fast big abrupt,,0,,0,,0,
616,Air,Far,Heavy,36,9,1,37,9,Dancing_Anim,,,,,,,,0,,0,,0,
617,Air,Far,Run+Heavy,36,10,A,37,10,A_Tornado540_R_F,"turn, back roundhouse kick",31,1,Air_Bending31_Raise_Air_Left,air currents left,big air,,2,air_whoosh_2,0,,0,
618,Air,Far,Run+Heavy,36,10,1,37,10,A_Tornado540_R_F,"turn, back roundhouse kick",16,1,Air_Bending16_air_wheel_horz,horizontal wheel,,,0,,0,,0,
619,Air,Far,INVALID,36,11,1,37,11,Dancing_Anim,,,,,,,,0,,0,,0,
620,Air,Far,Area,36,12,A,37,12,A_kick_03_T,"front kick, front crescent, turn, roundhouse",31,1,Air_Bending31_Raise_Air_Left,air currents left,big air long duration,,0,,0,,0,
621,Air,Far,Area,36,12,1,37,12,A_kick_03_T,"front kick, front crescent, turn, roundhouse",7,1,Air_Bending9_horz_slice_r2l,air blast with faint external curves,small blast,,4,air_whoosh_4,0,,0,
622,Air,Far,Area,36,12,2,37,12,A_kick_03_T,"front kick, front crescent, turn, roundhouse",8,1,Air_Bending8_horz_slice_l2r,left2right slice,"small, fast",,5,air_whoosh_5,0,,0,
623,Air,Far,Area,36,12,3,37,12,A_kick_03_T,"front kick, front crescent, turn, roundhouse",8,2,Air_Bending8_horz_slice_l2r,left2right slice,"large , longer trail?",,0,,0,,0,
624,Air,Far,Area,36,13,A,37,13,A_kick_01_2_G,"step, turn, back hook kick",32,1,Air_Bending32_Raise_Air_Right,air currents right,small,,2,air_whoosh_2,0,,0,
625,Air,Far,Area,36,13,1,37,13,A_kick_01_2_G,"step, turn, back hook kick",16,1,Air_Bending16_air_wheel_horz,horizontal wheel,,,0,,0,,0,
626,Air,Far,Area,36,14,1,37,14,Dancing_Anim,,,,,,,,0,,0,,0,
627,Air,Far,Area,36,15,1,37,15,Dancing_Anim,,,,,,,,0,,0,,0,
628,Air,Far,Run+Area,36,16,A,37,16,A_Tornado720_L_F,"jump, 360 spin, back hook kick",32,2,Air_Bending32_Raise_Air_Right,air currents right,big air,,2,air_whoosh_2,0,,0,
629,Air,Far,Run+Area,36,16,1,37,16,A_Tornado720_L_F,"jump, 360 spin, back hook kick",16,1,Air_Bending16_air_wheel_horz,horizontal wheel,,,0,,0,,0,
630,Air,Far,Env+Area,36,17,1,37,17,Standing_2H_Magic_Attack_03_Anim,both hands shoot forward,,,INTENTIONALLY LEFT BLANK,,,,0,,0,,0,
631,Air,Far,Env+Area,36,17,2,37,17,Standing_2H_Magic_Attack_03_Anim,both hands shoot forward,,,,,very similiar to Monk__Anim_Monk_attack11,,0,,0,,0,
632,Air,Far,Throw,36,18,1,37,18,Dancing_Anim,,,,,,,,0,,0,,0,
633,Air,Far,Block,36,19,1,37,19,Spell_Casting_Anim,,2,1,Air_Bending_Block2,sphere of air,,,0,,0,,0,
634,Air,Far,UNUSED ATTACK,36,21,UNUSED ATTACK,36,21,Sword_And_Shield_Kick_Anim,back leg push kick,UNUSED ATTACK,,Air_Bending10_vert_slice,vertical blast,,,0,,0,,0,
635,Air,Far,UNUSED ATTACK,36,22,UNUSED ATTACK,36,22,Lead_Jab_High_Anim,jab,UNUSED ATTACK,,,,"this attack should be a close attack, not far",,0,,0,,0,
636,Air,Far,UNUSED ATTACK,36,23,UNUSED ATTACK,36,23,Hook_Anim,hook,UNUSED ATTACK,,,,,,0,,0,,0,
637,Air,Medium,Light,37,0,A,37,0,Jab_Cross_Anim,jab cross,30,2,Air_Bending30_Raise_Air_Other,air limbs and body,left arm,,12,air_burst_short_12,0,,0,
638,Air,Medium,Light,37,0,B,37,0,Jab_Cross_Anim,jab cross,30,1,Air_Bending30_Raise_Air_Other,air limbs and body,right arm,,13,air_burst_short_13,0,,0,
639,Air,Medium,Light,37,0,1,37,0,Jab_Cross_Anim,jab cross,7,3,Air_Bending7_air_blast2,medium blast center slight curve left,medium blast center slight curve left,,0,,0,,0,
640,Air,Medium,Light,37,0,2,37,0,Jab_Cross_Anim,jab cross,7,4,Air_Bending7_air_blast2,medium blast center slight curve right,medium blast center slight curve right,,0,,0,,0,
641,Air,Medium,Light,37,1,A,37,1,A_combo_04_1_G,,30,2,Air_Bending30_Raise_Air_Other,air limbs and body,left arm,,15,air_burst_15,0,,0,
642,Air,Medium,Light,37,1,1,37,1,A_combo_04_1_G,,12,1,Air_Bending12_wind_bullet,air blast corkscrew,,,0,,0,,0,
643,Air,Medium,Light,37,2,A,37,2,Roundhouse_Anim,,31,2,Air_Bending31_Raise_Air_Left,air currents left,small,,6,air_whoosh_ext_6,0,,0,
644,Air,Medium,Light,37,2,1,37,2,Roundhouse_Anim,,11,2,Air_Bending11_tornado,tornado,medium tornado curves left,,0,,0,,0,
645,Air,Medium,Light,37,3,A,37,3,Monk__Anim_Monk_attack7,,30,6,Air_Bending30_Raise_Air_Other,air limbs and body,forward,,4,air_whoosh_4,0,,0,
646,Air,Medium,Light,37,3,1,37,3,Monk__Anim_Monk_attack7,,6,5,Air_Bending9_horz_slice_rev,right2left slice,,,0,,0,,0,
647,Air,Medium,Run+Light,37,4,A,37,4,A_combo_02_4_G,"wind up, step, hook",30,1,Air_Bending30_Raise_Air_Other,air limbs and body,left arm,,11,air_burst_short_11,0,,0,
648,Air,Medium,Run+Light,37,4,1,37,4,A_combo_02_4_G,"wind up, step, hook",6,4,Air_Bending6_air_blast,air blast with external curves,small blast right straight,,12,air_burst_short_112,0,,0,
649,Air,Medium,Run+Light,37,4,2,37,4,A_combo_02_4_G,"wind up, step, hook",6,2,Air_Bending6_air_blast,air blast with external curves,small blast right slight curve,,0,,0,,0,
650,Air,Medium,Env+Light,37,5,1,37,5,A_combo_01_5_G,,20,1,Air_Bending20_Env,small tornado,small tornado,,0,,0,,0,
651,Air,Medium,Heavy,37,6,A,37,6,A_kick_01_1_G,"back kick, jump back kick",30,4,Air_Bending30_Raise_Air_Other,air limbs and body,left leg,,0,,0,,0,
652,Air,Medium,Heavy,37,6,B,37,6,A_kick_01_1_G,"back kick, jump back kick",30,5,Air_Bending30_Raise_Air_Other,air limbs and body,right leg,,12,air_burst_short_12,0,,0,
653,Air,Medium,Heavy,37,6,1,37,6,A_kick_01_1_G,"back kick, jump back kick",7,3,Air_Bending7_air_blast2,air blast with faint external curves,medium blast center slight curve left,,11,air_burst_short_11,0,,0,
654,Air,Medium,Heavy,37,6,2,37,6,A_kick_01_1_G,"back kick, jump back kick",7,4,Air_Bending7_air_blast2,air blast with faint external curves,medium blast center slight curve right,,0,,0,,0,
655,Air,Medium,Heavy,37,7,A,37,7,A_kick_07_T,"one-handed back hand spring, horz spin, axe kick",30,7,Air_Bending30_Raise_Air_Other,air limbs and body,vertical long duration,,0,,0,,0,
656,Air,Medium,Heavy,37,7,B,37,7,A_kick_07_T,"one-handed back hand spring, horz spin, axe kick",,,,,,,2,air_whoosh_2,0,,0,
657,Air,Medium,Heavy,37,7,1,37,7,A_kick_07_T,"one-handed back hand spring, horz spin, axe kick",17,1,Air_Bending17_air_wheel_vert,vertical wheel,vertical wheel,,0,,0,,0,
658,Air,Medium,Heavy,37,7,2,37,7,A_kick_07_T,"one-handed back hand spring, horz spin, axe kick",17,2,Air_Bending17_air_wheel_vert,vertical wheel,vertical wheel,,2,air_whoosh_2,0,,0,
659,Air,Medium,Heavy,37,8,A,37,8,Standing_2H_Magic_Attack_03_Anim,both hands shoot forward,30,6,Air_Bending30_Raise_Air_Other,u,forward,,2,air_whoosh_2,0,,0,
660,Air,Medium,Heavy,37,8,1,37,8,Standing_2H_Magic_Attack_03_Anim,both hands shoot forward,,,INTENTIONALLY LEFT BLANK,,,,0,,0,,0,
661,Air,Medium,Heavy,37,8,2,37,8,Standing_2H_Magic_Attack_03_Anim,both hands shoot forward,5,1,Air_Bending5_wind_tunnel,wind tunnel,very similiar to Monk__Anim_Monk_attack11,Ground Launch,0,,0,,0,
662,Air,Medium,Heavy,37,9,1,37,9,Dancing_Anim,,,,,,,,0,,0,,0,
663,Air,Medium,Run+Heavy,37,10,A,37,10,A_Tornado540_L_F,"back, turn hook kick",32,1,Air_Bending32_Raise_Air_Right,air currents right,small,,2,air_whoosh_2,0,,0,
664,Air,Medium,Run+Heavy,37,10,1,37,10,A_Tornado540_L_F,"back, turn hook kick",16,1,Air_Bending16_air_wheel_horz,horizontal wheel,,,0,,0,,0,
665,Air,Medium,INVALID,37,11,1,37,11,Dancing_Anim,,,,,,,,0,,0,,0,
666,Air,Medium,Area,37,12,A,37,12,A_kick_08_T,"jump, 360 turn, roundhouse",31,4,Air_Bending31_Raise_Air_Left,air currents left,small,,4,air_whoosh_4,0,,0,
667,Air,Medium,Area,37,12,1,37,12,A_kick_08_T,"jump, 360 turn, roundhouse",9,1,Air_Bending9_horz_slice_rev,right2left slice,,,0,,0,,0,
668,Air,Medium,Area,37,13,A,37,13,Monk__Anim_14complete,"turn, jump back axe kick, fall, half flair, turn",31,3,Air_Bending31_Raise_Air_Left,air currents left,small,,11,air_burst_short_11,0,,0,
669,Air,Medium,Area,37,13,B,37,13,Monk__Anim_14complete,"turn, jump back axe kick, fall, half flair, turn",31,3,Air_Bending31_Raise_Air_Left,air currents left,small,,12,air_burst_short_12,0,,0,
670,Air,Medium,Area,37,13,1,37,13,Monk__Anim_14complete,"turn, jump back axe kick, fall, half flair, turn",12,2,Air_Bending12_wind_bullet,large blast,,,0,,0,,0,
671,Air,Medium,Area,37,13,2,37,13,Monk__Anim_14complete,"turn, jump back axe kick, fall, half flair, turn",16,2,Air_Bending16_air_wheel_horz,horizontal wheel,huge wheel stays around player,,0,,0,,0,
672,Air,Medium,Area,37,14,1,37,14,Dancing_Anim,,,,,,,,0,,0,,0,
673,Air,Medium,Area,37,15,1,37,15,Dancing_Anim,,,,,,,,0,,0,,0,
674,Air,Medium,Run+Area,37,16,A,37,16,A_Tornado720_R_F,,31,1,Air_Bending31_Raise_Air_Left,air currents left,big air long duration,,6,air_whoosh_ext_6,0,,0,
675,Air,Medium,Run+Area,37,16,1,37,16,A_Tornado720_R_F,,11,3,Air_Bending11_tornado,tornado,large tornado curves in circles,,0,,0,,0,
676,Air,Medium,Env+Area,37,17,1,37,17,Standing_2H_Magic_Attack_03_Anim,both hands shoot forward,,,INTENTIONALLY LEFT BLANK,,,,0,,0,,0,
677,Air,Medium,Env+Area,37,17,2,37,17,Standing_2H_Magic_Attack_03_Anim,both hands shoot forward,5,1,Air_Bending5_wind_tunnel,wind tunnel,very similiar to Monk__Anim_Monk_attack11,,0,,0,,0,
678,Air,Medium,Throw,37,18,1,37,18,Dancing_Anim,,,,,,,,0,,0,,0,
679,Air,Medium,Block,37,19,1,37,19,Spell_Casting_Anim,,2,1,Air_Bending_Block2,sphere of air,,,0,,0,,0,
680,Air,Medium,UNUSED ATTACK,37,21,UNUSED ATTACK,37,21,Standing_1H_Magic_Attack_01_Anim,pitching a ball,UNUSED ATTACK,,Air_Bending11_tornado,straight,,,0,,0,,0,
681,Air,Medium,UNUSED ATTACK,37,22,UNUSED ATTACK,37,22,Jab_Cross_Anim,,UNUSED ATTACK,,Air_Bending_jump_trails,horizontal,used as a feint,,0,,0,,0,
682,Air,Medium,UNUSED ATTACK,37,23,UNUSED ATTACK,37,23,Inside_Crescent_Kick_Anim,,UNUSED ATTACK,,Air_Bending10_vert_slice,vertical blast,,,0,,0,,0,
683,Air,Close,Light,38,0,A,37,0,ANIM_DOUBLE_PUNCH_FIST,,30,2,Air_Bending30_Raise_Air_Other,air limbs and body,left arm,,0,,0,,0,
684,Air,Close,Light,38,0,B,37,0,ANIM_DOUBLE_PUNCH_FIST,,30,1,Air_Bending30_Raise_Air_Other,air limbs and body,right arm,,11,air_burst_short_11,0,,0,
685,Air,Close,Light,38,0,1,37,0,ANIM_DOUBLE_PUNCH_FIST,,6,1,Air_Bending6_air_blast,large blast,,,12,air_burst_short_12,0,,0,
686,Air,Close,Light,38,0,2,37,0,ANIM_DOUBLE_PUNCH_FIST,,6,1,Air_Bending6_air_blast,large blast,,,0,,0,,0,
687,Air,Close,Light,38,1,A,37,1,A_kick_02_1_G,"sweep kick, back leg",32,1,Air_Bending32_Raise_Air_Right,air currents right,small,,5,air_whoosh_5,0,,0,
688,Air,Close,Light,38,1,1,37,1,A_kick_02_1_G,"sweep kick, back leg",8,3,Air_Bending8_horz_slice,left2right slice,low,Sweep,0,,0,,0,
689,Air,Close,Light,38,2,A,37,2,Monk__Anim_Monk_attack10,,32,1,Air_Bending32_Raise_Air_Right,air currents right,big air quick,,6,air_whoosh_ext_6,0,,0,
690,Air,Close,Light,38,2,1,37,2,Monk__Anim_Monk_attack10,,11,1,Air_Bending11_tornado,tornado,tornado curves left,,0,,0,,0,
691,Air,Close,Light,38,3,A,37,3,Roundhouse_Anim,,31,1,Air_Bending31_Raise_Air_Left,air currents left,small,,4,air_whoosh_4,0,,0,
692,Air,Close,Light,38,3,1,37,3,Roundhouse_Anim,,9,1,Air_Bending9_horz_slice_rev,right2left slice,,,0,,0,,0,
693,Air,Close,Run+Light,38,4,A,37,4,A_kick_02_3_G,jump front hook kick,32,3,Air_Bending32_Raise_Air_Right,air currents right,big air,,5,air_whoosh_5,0,,0,
694,Air,Close,Run+Light,38,4,1,37,4,A_kick_02_3_G,jump front hook kick,8,1,Air_Bending8_horz_slice_l2r,left2right slice,"small, fast",,0,,0,,0,
695,Air,Close,Env+Light,38,5,1,37,5,A_combo_01_5_G,"spear strike, palm up",20,1,Air_Bending20_Env,small tornado,,,0,,0,,0,
696,Air,Close,Heavy,38,6,A,37,6,A_kick_air_T,"front jump kick, vert flip, pause in air",30,7,Air_Bending30_Raise_Air_Other,air limbs and body,vertical,,11,air_burst_short_11,0,,0,
697,Air,Close,Heavy,38,6,1,37,6,A_kick_air_T,"front jump kick, vert flip, pause in air",7,1,Air_Bending7_air_blast2,air blast with faint external curves,small blast,,0,,0,,0,
698,Air,Close,Heavy,38,6,2,37,6,A_kick_air_T,"front jump kick, vert flip, pause in air",7,1,Air_Bending7_air_blast2,air blast with faint external curves,in opposite direction,,0,,0,,0,
699,Air,Close,Heavy,38,7,A,37,7,Leg_Sweep_Reverse360_High_Anim,sweep kick,32,1,Air_Bending32_Raise_Air_Right,air currents right,small,,5,air_whoosh_5,0,,0,
700,Air,Close,Heavy,38,7,1,37,7,Leg_Sweep_Reverse360_High_Anim,sweep kick,8,3,Air_Bending8_horz_slice,left2right slice,,Sweep,0,,0,,0,
701,Air,Close,Heavy,38,8,A,37,8,Monk__Anim_Monk_attack6,,30,6,Air_Bending30_Raise_Air_Other,air limbs and body,forward,,6,air_whoosh_ext_8,0,,0,
702,Air,Close,Heavy,38,8,1,37,8,Monk__Anim_Monk_attack6,,5,1,Air_Bending5_wind_tunnel,wind tunnel,"sustained, good for waterbending block",,0,,0,,0,
703,Air,Close,Heavy,38,8,2,37,8,Monk__Anim_Monk_attack6,,,,INTENTIONALLY LEFT BLANK,,wind ring that goes out to the sides,,0,,0,,0,
704,Air,Close,Heavy,38,9,1,37,9,Dancing_Anim,,,,,,,,0,,0,,0,
705,Air,Close,Run+Heavy,38,10,A,37,10,Flying_Kick_Anim,,30,4,Air_Bending30_Raise_Air_Other,air limbs and body,left leg,,0,,0,,0,
706,Air,Close,Run+Heavy,38,10,B,37,10,Flying_Kick_Anim,,36,3,Air_Bending36_airflash_rings,rings,,,13,air_burst_short_13,0,,0,
707,Air,Close,Run+Heavy,38,10,1,37,10,Flying_Kick_Anim,,6,1,Air_Bending6_air_blast,large blast,,,0,,0,,0,
708,Air,Close,INVALID,38,11,1,37,11,Dancing_Anim,,,,,,,,0,,0,,0,
709,Air,Close,Area,38,12,A,37,12,attacks_kick4_m,,31,3,Air_Bending31_Raise_Air_Left,air currents left,small,,10,air_slide_10,0,,0,
710,Air,Close,Area,38,12,1,37,12,attacks_kick4_m,,16,3,Air_Bending16_air_wheel_horz,horizontal wheel,large and slow,,0,,0,,0,
711,Air,Close,Area,38,13,A,37,13,A_kick_03_2_T,,32,2,Air_Bending32_Raise_Air_Right,air currents right,big air,,0,,0,,0,
712,Air,Close,Area,38,13,B,37,13,A_kick_03_2_T,,36,1,Air_Bending36_airflash_rings,rings,to the right,,6,air_whoosh_ext_6,0,,0,
713,Air,Close,Area,38,13,1,37,13,A_kick_03_2_T,,11,6,Air_Bending11_tornado,tornado,2 tornadoes circle you,,0,,0,,0,
714,Air,Close,Area,38,13,2,37,13,A_kick_03_2_T,,11,7,Air_Bending11_tornado,tornado,2 tornadoes circle you,,0,,0,,0,
715,Air,Close,Area,38,14,1,37,14,Dancing_Anim,,,,,,,,0,,0,,0,
716,Air,Close,Area,38,15,1,37,15,Dancing_Anim,,,,,,,,0,,0,,0,
717,Air,Close,Run+Area,38,16,A,37,16,A_kick_04_T,"roundhouse, front/back kick, turn, roundhouse",31,1,Air_Bending31_Raise_Air_Left,air currents left,big air,,0,,0,,0,
718,Air,Close,Run+Area,38,16,B,37,16,A_kick_04_T,"roundhouse, front/back kick, turn, roundhouse",30,8,Air_Bending30_Raise_Air_Other,air limbs and body,vertical,,13,air_burst_short_13,0,,0,
719,Air,Close,Run+Area,38,16,1,37,16,A_kick_04_T,"roundhouse, front/back kick, turn, roundhouse",6,8,Air_Bending6_air_blast,large blast,,,11,air_burst_short_11,0,,0,
720,Air,Close,Run+Area,38,16,2,37,16,A_kick_04_T,"roundhouse, front/back kick, turn, roundhouse",6,6,Air_Bending6_air_blast,two blasts going in opposite directions,,,0,,0,,0,
721,Air,Close,Run+Area,38,16,3,37,16,A_kick_04_T,"roundhouse, front/back kick, turn, roundhouse",6,7,Air_Bending6_air_blast,two blasts going in opposite directions,,,0,,0,,0,
722,Air,Close,Run+Area,38,16,4,37,16,A_kick_04_T,"roundhouse, front/back kick, turn, roundhouse",15,4,Air_Bending15_down_slice,down and diagonal slices,diagonal slice,,0,,0,,0,
723,Air,Close,Env+Area,38,17,1,37,17,Standing_2H_Magic_Attack_03_Anim,both hands shoot forward,,,INTENTIONALLY LEFT BLANK,wind tunnel,very similiar to Monk__Anim_Monk_attack11,,8,air_whoosh_ext_8,0,,0,
724,Air,Close,Env+Area,38,17,2,37,17,Standing_2H_Magic_Attack_03_Anim,both hands shoot forward,5,1,Air_Bending5_wind_tunnel,wind tunnel,very similiar to Monk__Anim_Monk_attack11,,0,,0,,0,
725,Air,Close,Throw,38,18,1,37,18,Dancing_Anim,,,,,,,,0,,0,,0,
726,Air,Close,Block,38,19,1,37,19,Spell_Casting_Anim,,2,1,Air_Bending_Block2,sphere of air,,,0,,0,,0,
